Date,Order,Slug,Origin,Producer,Guest number,Guest info

141109,0,RIVERSIDE VETERANS DAY,S,"W,M",4,"['B,M', 'B,F', 'W,F', 'L,M']"
141109,1,BOOK WHY WE LOST,S,"W,F",1,"['W,M']"
141109,2,BERLIN WALL ANNIVERSARY,S,"W,F",1,"['M,F']"
141109,3,CONSUMERS LOVE CHEAP GAS,D,"W,F",4,"['W,M', 'W,M', 'W,M', 'W,M']"
141109,4,HOLIDAY AIR TRAVEL,D,"W,M",2,"['L,F', 'W,M']"
141109,5,NORMANDY GRAVE PROVIDES CLOSURE,D,"W,M",2,"['W,F', 'W,M']"
141109,6,HEDY LAMARR'S 100TH,S,"W,M",1,"['W,M']"
141109,7,BERLIN TECHNO,D,"W,F",4,"['W,M', 'W,M', 'W,M', 'W,M']"
141109,8,MUSIC BOOK BLACK HORN,S,"W,M",1,"['B,M']"
141109,9,MBB JAMES EARL JONES,S,"W,M",1,"['B,M']"
141108,0,NORTH KOREA RELEASE,S,"W,M",1,"['W,F']"
141108,1,MIDTERM WOMEN,S,"W,F",1,"['W,F']"
141108,2,BLACK REPUBLICANS,D,"A,M",5,"['B,M', 'B,M', 'B,M', 'B,F', 'B,F']"
141108,3,DEPUTIES IMMIGRATION,D,"L,M",4,"['W,M', 'W,M', 'W,M', 'W,F']"
141108,4,OVERWEIGHT WOMEN IN WORKPLACE,S,"W,F",1,"['W,F']"
141108,5,DOC LIFE AND CRIMES,S,"B,F",2,"['W,M', 'B,F']"
141108,6,ROBOT BABY PENGUIN,S,"B,F",2,"['W,M', 'W,M']"
141108,7,MUSIC BETTE MIDLER,S,"W,M",1,"['W,F']"
141108,8,BLACK HOLES,D,"W,M",0,['']
141108,9,NASA SPACE SOUNDS,S,"W,F",1,"['W,M']"
141102,0,PAKISTAN BOMBING,S,"W,F",1,"['W,M']"
141102,1,NEBRASKA EBOLA DOC,S,"W,M",1,"['W,M']"
141102,2,ELECTION LOOKAHEAD,S,"W,F",1,"['W,F']"
141102,3,WOMEN VOTERS,S,"W,F",1,"['W,F']"
141102,4,MUST READ QUANTITATIVE EASING,D,"W,F",1,"['W,M']"
141102,5,IMMIGRANT MAGAZINE,S,"B,F",1,"['B,F']"
141102,6,MUSIC MIGUEL ZENON,S,"W,M",1,"['L,M']"
141102,7,CLIPPERS TECH,S,"W,M",1,"['A,M']"
141102,8,MUSIC BOOK LENINGRAD,S,"W,F",1,"['W,M']"
141102,9,MBB BETTY WHITE,S,"W,M",1,"['W,F']"
141101,0,LAVA FLOW DIVERSION,S,"W,M",2,"['W,M', 'O,F']"
141101,1,EBOLA BURIALS,S,"W,F",1,"['W,M']"
141101,2,AMELIA EARHART FRAGMENT,S,"W,F",1,"['W,M']"
141101,3,STREET HARASSMENT VIDEO,S,"W,M",1,"['W,F']"
141101,4,ELECTRIC TRUCKS,D,"W,M",4,"['W,M', 'W,M', 'W,M', 'W,M']"
141101,5,MUSIC BETTO ARCOS,S,"W,M",1,"['L,M']"
141101,6,NEW BOOM COHABITATION,D,"W,M",3,"['W,F', 'W,M', 'W,F']"
141101,7,BOOK A MAP OF BETRAYAL,S,"W,F",1,"['A,M']"
141101,8,ADAM DRIVER,S,"B,F",1,"['W,M']"
141026,0,SKID ROW COVER STORY,S,"W,M",10,"['B,F', 'B,F', 'W,F', 'B,M', 'L,M', 'W,M', 'W,M', 'W,M', 'W,M', 'W,M']"
141026,1,GOVERNORS ON EBOLA,D,"W,M",3,"['W,M', 'W,F', 'W,M']"
141026,2,WOMEN ON MARS,S,"W,F",1,"['W,F']"
141026,3,GOTHAM STUNTWOMAN CONTOVERSY,S,"W,F",3,"['W,M', 'B,F', 'B,M']"
141026,4,LED ZEPPELIN PLAGIARISM,S,"W,M",1,"['O,M']"
141026,5,MUST READ BLACKWATER,D,"W,F",1,"['W,M']"
141026,6,MAC SALES SOARING,S,"A,F",1,"['L,M']"
141026,7,BRAIN PATIENT INTERFACE,S,"B,F",1,"['W,M']"
141026,8,MUSIC MAYA BEISER,S,"W,M",1,"['W,F']"
141025,0,EBOLA SUITS,D,"W,M",2,"['A,M', 'W,M']"
141025,1,BECKY ON EBOLA,S,"W,M",1,"['W,F']"
141025,2,CANADA REAX,D,"W,F",3,"['W,M', 'W,M', 'W,M']"
141025,3,UKRAINE ELECTIONS,S,"W,M",1,"['W,M']"
141025,4,LATINO POLITICS IN NEVADA,D,"W,M",3,"['L,F', 'W,M', 'W,M']"
141025,5,WORLD SERIES SOUND DESIGN,S,"W,F",1,"['W,M']"
141025,6,OLE MISS,D,"W,F",6,"['W,M', 'B,F', 'W,M', 'W,M', 'W,F', 'W,M']"
141025,7,BOOK JIM,S,"W,F",1,"['W,M']"
141025,8,MBB MUGGSY BOGUES,S,"W,M",1,"['B,M']"
141025,9,MUSIC FLAMING LIPS,S,"W,M",1,"['W,M']"
141019,0,IMMIGRATION UPDATE,S,"B,F",1,"['W,M']"
141019,1,SUBURBAN IMMIGRANTS,D,"B,F",5,"['L,F', 'W,M', 'W,F', 'W,M', 'O,F']"
141019,2,MUST READ LIT AWARDS,D,"W,F",1,"['W,M']"
141019,3,TENNESSEE OPIATES LAW,S,"A,F",1,"['W,F']"
141019,4,CONVERSE LAWSUIT,S,"W,F",1,"['W,M']"
141019,5,TEXAS CATTLE RUSTLING,S,"W,M",2,"['W,M', 'W,M']"
141019,6,DROUGHTS AND DYSTOPIAS,D,"W,F",4,"['W,M', 'W,F', 'W,F', 'W,F']"
141019,7,BOOK LIVES OF MUHAMMAD,S,"W,F",1,"['O,F']"
141019,8,COUGARS,S,"A,F",2,"['W,M', 'L,F']"
141019,9,MBB GEENA DAVIS,S,"W,M",1,"['W,F']"
141018,0,EBOLA RESPONSE LOGISTICS,S,"W,F",2,"['B,M', 'W,M']"
141018,1,SKYPE A DOCTOR,S,"W,F",1,"['A,M']"
141018,2,SAUDI CLERIC SENTENCED TO DEATH,D,"M,F",2,"['M,M', 'W,M']"
141018,3,PROSECUTORS AGAINST GUN VIOLENCE,S,"W,M",2,"['W,M', 'W,M']"
141018,4,GAMING DEATH THREATS,S,"W,M",2,"['W,F', 'W,M']"
141018,5,BOOK DOES SANTA EXIST,S,"W,F",1,"['W,M']"
141018,6,DEAR WHITE PEOPLE,D,"L,F",1,"['B,M']"
141018,7,DOC WATCHERS OF THE SKY,S,"B,F",1,"['W,F']"
141018,8,MUSIC PRIMUS,S,"W,M",1,"['W,M']"
141012,0,EBOLA US SECOND CASE,D,"W,M",4,"['W,M', 'W,M', 'W,M', 'O,F']"
141012,1,EBOLA FOLO,S,"W,M",1,"['W,F']"
141012,2,DEATH OF WOLVERINE,S,"W,F",1,"['W,M']"
141012,3,BROWARD STUDENT LOANS,D,"W,M",4,"['W,M', 'O,M', 'W,M', 'W,F']"
141012,4,STOLEN STRADIVARIUS,S,"W,M",3,"['W,M', 'A,F', 'W,M']"
141012,5,COOKING COMPETITIONS,S,"W,F",1,"['A,M']"
141012,6,EBOLA MUSIC,D,"W,M",1,"['B,M']"
141012,7,ISIS ADVANCES,S,"W,M",1,"['W,M']"
141012,8,BOOK AS YOU WISH,S,"B,F",1,"['W,M']"
141012,9,MUSIC FLYING LOTUS,S,"W,M",1,"['B,M']"
141011,0,FERGUSON WEEKEND MARCHES,S,"W,F",1,"['W,F']"
141011,1,STOCKS SOAR FROM EBOLA,S,"W,M",1,"['W,M']"
141011,2,TECH ROUNDUP,S,"W,F",1,"['W,M']"
141011,3,JASON CARTER FOR GOVERNOR,D,"W,F",8,"['W,M', 'W,M', 'W,M', 'B,F', 'B,F', 'O,M', 'W,M', 'W,M']"
141011,4,ITALIAN EARTHQUAKE TRIAL,S,"W,M",1,"['W,M']"
141011,5,MUSIC MARY LAMBERT,S,"B,F",1,"['W,F']"
141011,6,CAPTAIN AMERICA FOR SALE,S,"W,M",5,"['W,F', 'W,M', 'B,M', 'O,M', 'W,M']"
141011,7,COMEDY CAMERON ESPOSITO,S,"W,M",1,"['W,F']"
141011,8,BOOK EVEN THIS I GET TO EXPERIENCE,S,"W,F",1,"['W,M']"
141005,0,EBOLA VACCINE ETHICS,D,"B,F",5,"['W,M', 'W,M', 'W,M', 'M,M', 'W,F']"
141005,1,PAKISTAN DRONE STRIKES,S,"A,F",1,"['W,F']"
141005,2,DOLPHINS ARENT SO GREAT,S,"B,F",1,"['W,F']"
141005,3,ALASKA NATIONAL GUARD SCANDAL,D,"L,F",2,"['W,M', 'W,F']"
141005,4,HISTORY OF SEXUAL CONSENT POLICIES,S,"W,F",1,"['W,F']"
141005,5,ALGORITHM FOR ENTREPRENEURS,S,"B,F",2,"['W,M', 'B,F']"
141005,6,VOICE HACKING,S,"W,M",1,"['W,M']"
141005,7,RIGHT TO SILENCE,D,"W,F",4,"['A,F', 'W,M', 'W,M', 'W,M']"
141005,8,BOOK A BRIEF HISTORY OF SEVEN KILLINGS,S,"W,F",1,"['B,M']"
141005,9,MUSIC MOVIE GUSTAVO DUDAMEL,S,"W,M",1,"['L,M']"
141004,0,EBOLA DALLAS LATEST,D,"B,M",6,"['B,M', 'W,M', 'W,M', 'W,F', 'W,M', 'W,F']"
141004,1,BABY DOC OBIT,S,"W,M",1,"['B,F']"
141004,2,SECRET SERVICE FOLO,S,"W,M",1,"['W,M']"
141004,3,HONG KONG UPDATE,S,"W,F",1,"['A,F']"
141004,4,HP LOVECRAFT AWARD,S,"B,F",1,"['W,F']"
141004,5,MUSIC BELA FLECK AND ABIGAIL WASHINGTON,S,"W,M",2,"['W,M', 'W,F']"
141004,6,NEW MEMORIAL DISABLED VETS,D,"W,M",3,"['W,M', 'W,M', 'W,M']"
141004,7,BOOK THE INVISIBLE FRONT,S,"W,F",1,"['W,M']"
141004,8,MOVIE GONE GIRL,S,"W,M",1,"['W,M']"
140928,0,HONG KONG PROTESTS,S,"W,M",1,"['W,F']"
140928,1,TREASURY TARGETS ISIS,S,"W,M",1,"['L,M']"
140928,2,JOURNO PLACED ON WATCHLIST,S,"W,M",1,"['W,M']"
140928,3,GUN INJURY DATABASE,D,"W,M",3,"['W,M', 'W,M', 'B,M']"
140928,4,UCLA EBOLA DOCTOR,S,"W,M",1,"['W,F']"
140928,5,MUSIC JOHN LUTHER ADAMS,S,"W,M",1,"['W,M']"
140928,6,BLOOD TEST DEPRESSION,S,"A,F",1,"['W,M']"
140928,7,BOOK PRINCE OF LOS COCUYOS,S,"W,F",1,"['L,M']"
140928,8,MOVIE THEATER INNOVATIONS,D,"B,M",6,"['O,M', 'O,F', 'W,M', 'W,M', 'W,M', 'W,M']"
140928,9,SPANGLISH HIT SONG,S,"W,F",1,"['W,M']"
140921,0,TURKEY ISIS REFUGEES,S,"W,F",1,"['W,F']"
140921,1,LIBYA UPDATE,S,"W,M",1,"['W,F']"
140921,2,PERFECTLY NORMAL,S,"W,F",3,"['W,F', 'W,F', 'W,M']"
140921,3,MARS MISSION,D,"W,M",2,"['W,M', 'W,M']"
140921,4,ISRAEL UNIT 8200,S,"W,M",1,"['W,M']"
140921,5,UGANDA LGBT ACTIVIST UPDATE,S,"W,M",1,"['B,M']"
140921,6,MUSIC CHAD LAWSON,S,"B,F",1,"['W,M']"
140921,7,BOOK MY LIFE AS A FOREIGN COUNTRY,S,"W,M",1,"['W,M']"
140921,8,MBB GEORGIA DURANTE,S,"W,M",1,"['W,F']"
140921,9,TV TRANSPARENT,S,"W,F",1,"['W,F']"
140920,0,TURKEY ISIS REFUGEES,S,"W,F",1,"['W,F']"
140920,1,GERMANY ISIS STRATEGY,S,"W,M",1,"['W,M']"
140920,2,MAMMOTH MOVE,D,"W,F",3,"['W,M', 'W,M', 'W,M']"
140920,3,LIBERIA DEPUTY CHIEF OF STAFF,S,"W,F",1,"['B,M']"
140920,4,NFL FRIDAY NIGHT,D,"W,M",5,"['W,M', 'W,F', 'B,F', 'B,M', 'W,M']"
140920,5,MUSIC JENNIFER HUDSON,S,"W,F",1,"['B,F']"
140920,6,DATA BOOT CAMP,S,"B,F",1,"['W,F']"
140920,7,BOOK MY PASSAGES,S,"B,F",1,"['W,F']"
140920,8,TV MEN IN BLAZERS,S,"W,F",2,"['W,M', 'W,M']"
140914,0,ISIS SUPERSPOT,D,"W,F",3,"['W,M', 'W,M', 'A,M']"
140914,1,MEDIA BEHEADING VIDEOS,S,"W,M",1,"['W,F']"
140914,2,UKRAINE CEASEFIRE DISSOLVES,D,"W,F",5,"['O,F', 'O,F', 'O,M', 'O,F', 'O,F']"
140914,3,CLINTONS IN IOWA,S,"W,M",2,"['W,F', 'W,M']"
140914,4,NFL BRAIN INJURIES,S,"A,F",1,"['W,M']"
140914,5,GERMANY ANTI ANTI SEMITISM,D,"M,F",5,"['W,F', 'W,M', 'W,M', 'O,M', 'O,F']"
140914,6,MBB SERGIO MENDES,S,"W,M",1,"['L,M']"
140914,7,TV TIM AND ERIC,S,"W,M",2,"['W,M', 'W,M']"
140914,8,MUST READ LOW CARB DIETS,D,"W,F",1,"['W,F']"
140914,9,BOOK PERFIDIA,S,"W,F",1,"['W,M']"
140913,0,US IRAQ IRAN,S,"W,M",1,"['W,F']"
140913,1,IS OR ISIS OR ISIL,S,"W,M",3,"['B,M', 'M,F', 'W,M']"
140913,2,MESSY WORLD,S,"W,F",1,"['W,M']"
140913,3,TMZ AND RAY RICE,S,"W,M",1,"['W,F']"
140913,4,BLUE WHALES,S,"B,F",1,"['W,M']"
140913,5,OZY PED,S,"B,F",1,"['B,M']"
140913,6,TODDLER UNBOXING,S,"A,F",1,"['O,F']"
140913,7,BOOK STONE MATTRESS,S,"W,F",1,"['W,F']"
140913,8,MUSIC JASON MORAN,S,"W,M",1,"['B,M']"
140913,9,JOE SAMPLE OBIT,S,"W,M",1,"['B,M']"
140907,0,EBOLA RESOURCES,S,"W,F",1,"['A,F']"
140907,1,EBOLA VOLUNTEERS,D,"W,M",2,"['W,F', 'B,M']"
140907,2,BORDER PATROL UPDATE,D,"W,F",3,"['L,M', 'L,M', 'L,M']"
140907,3,ISIS FUNDING,S,"W,M",2,"['B,M', 'W,F']"
140907,4,FUKUSHIMA ANNIVERSARY,S,"W,M",1,"['W,F']"
140907,5,SCUBA VETS,S,"W,F",2,"['W,M', 'W,F']"
140907,6,MBB DOLPH LUNDGREN,S,"W,M",1,"['W,M']"
140907,7,CHESS FEAT IN ST LOUIS,S,"W,F",1,"['W,M']"
140907,8,BOOK THE MOOR'S ACCOUNT,S,"W,F",1,"['M,F']"
140907,9,MUSIC RYAN ADAMS,S,"W,M",1,"['W,M']"
140906,0,NATO SUMMIT,S,"W,F",1,"['W,M']"
140906,1,ISIS AIRSTRIKES,S,"W,M",1,"['W,M']"
140906,2,SPORTS CHAT,S,"W,M",2,"['L,M', 'W,M']"
140906,3,NORTH KOREA REPORTING TRIP,S,"W,M",1,"['W,F']"
140906,4,OZY,S,"B,F",1,"['O,F']"
140906,5,MUSIC SHEILA E,S,"W,M",1,"['L,F']"
140906,6,BOOK DATACLYSM,S,"W,F",1,"['W,M']"
140906,7,REJECTED PRINCESSES,S,"A,F",1,"['W,M']"
140906,8,DOC ENEMY OF THE REICH,S,"B,F",1,"['W,M']"
140830,0,UKRAINE UPDATE,D,"M,F",3,"['W,M', 'W,M', 'O,F']"
140830,1,RUSSIA SANCTIONS,S,"W,M",2,"['W,M', 'W,M']"
140830,2,UK EMIGRANTS TO ISIS,S,"W,M",2,"['W,M', 'W,F']"
140830,3,HOMELESS,D,"W,F",3,"['W,F', 'W,M', 'O,F']"
140830,4,OZY,S,"B,F",1,"['A,F']"
140830,5,WILDLIFE DOCUMENTARIES,S,"W,F",2,"['W,M', 'W,M']"
140830,6,GO PRO FOR DOGS,S,"W,M",1,"['W,M']"
140830,7,BLACK ATHLETES ON FERGUSON,S,"B,F",1,"['B,M']"
140830,8,BOOK HISTORY OF ROCK AND ROLL,S,"W,F",1,"['W,M']"
140831,0,ISIS DEFEATED IN AMERLI,D,"W,M",0,[]
140831,1,KURDS AND PTSD,S,"W,M",1,"['W,F']"
140831,2,LADY AL QAEDA,S,"W,F",1,"['W,M']"
140831,3,GUANTANAMO LAWYER RESIGNS,S,"W,M",1,"['W,M']"
140831,4,TRICORDER COMPETITION,S,"B,F",1,"['O,M']"
140831,5,MBB AUCTIONEER,S,"W,M",1,"['W,M']"
140831,6,BOOK ISLAND OF A THOUSAND MIRRORS,S,"W,F",1,"['A,F']"
140831,7,BOSTON ACCENTS,D,"W,F",3,"['W,M', 'W,F', 'O,M']"
140831,8,MUSIC TY SEGALL,S,"W,F",1,"['W,M']"
140823,0,EBOLA PHOTOGRAPHER,S,"W,M",1,"['W,M']"
140823,1,FERGUSON GENERATION GAP,D,"W,M",4,"['B,M', 'B,M', 'B,M', 'B,M']"
140823,2,BLACK AUTISM POLICE TRAINING,S,"W,F",7,"['B,F', 'B,F', 'B,M', 'W,M', 'W,F', 'A,M', 'B,M']"
140823,3,OZY,S,"B,F",1,"['O,F']"
140823,4,ALONE IN THE WILDERNESS,S,"W,M",1,"['W,M']"
140823,5,TARGETING JOURNOS IN SYRIA,S,"W,M",1,"['W,M']"
140823,6,POPE ON MILITARY INTERVENTION,S,"W,M",1,"['W,M']"
140823,7,BOOK HOW WE LEARN,S,"A,F",1,"['W,M']"
140823,8,LOVE IS STRANGE,D,"W,M",0,[]
140823,9,MUSIC BRUCE HORNSBY,S,"W,M",1,"['W,M']"
140824,0,JOURNALIST FREED,D,"W,M",1,"['W,M']"
140824,1,EBOLA SPREADS,D,"B,F",4,"['B,M', 'B,M', 'B,F', 'B,M']"
140824,2,NAPA EARTHQUAKE,D,"W,M",3,"['W,M', 'L,M', 'W,M']"
140824,3,PART TIME WORKERS,S,"W,F",3,"['B,F', 'B,M', 'W,F']"
140824,4,MADDEN TATTOOS,S,"W,F",3,"['A,M', 'W,M', 'A,M']"
140824,5,LAST NEGRO LEAGUE UMP,S,"W,F",1,"['B,M']"
140824,6,AMISH EXPLOITATION,D,"W,F",2,"['W,F', 'W,M']"
140824,7,REALITY TV EFFECTS,S,"A,F",1,"['W,M']"
140824,8,CIVIL WAR CAMP,D,"W,M",8,"['W,M', 'W,M', 'W,M', 'W,M', 'W,M', 'B,F', 'W,F', 'W,M']"
140824,9,BOOK KINDA LIKE BROTHERS,S,"W,F",1,"['B,F']"
140816,0,MOSUL DAM,S,"W,F",1,"['W,M']"
140816,1,FERGUSON UPDATE,S,"W,F",2,"['W,M', 'B,F']"
140816,2,MCCASKILL ON FERGUSON,S,"W,M",1,"['W,F']"
140816,3,PERRY VETO INDICTMENT,S,"W,F",2,"['W,M', 'W,M']"
140816,4,FERGUSON PHOTOGRAPHER,S,"W,M",1,"['W,M']"
140816,5,EGYPT'S TIANANMEN,S,"W,M",1,"['W,M']"
140816,6,TATE ROBOTS,S,"B,F",2,"['W,M', 'W,M']"
140816,7,OZY,S,"B,F",1,"['O,F']"
140816,8,MONE DAVIS,D,"W,F",4,"['O,M', 'B,M', 'B,F', 'B,M']"
140816,9,MBB AUDI ENGINEER,S,"W,M",1,"['A,F']"
140816,10,MUSIC BENJAMIN BOOKER,S,"W,M",1,"['B,M']"
140817,0,6,D,"A,F",6,"['B,M', 'W,M', 'W,M', 'B,F', 'W,M', 'B,F']"
140817,1,WASH U REPORT,S,"B,F",1,"['B,M']"
140817,2,EASTERN UKRAINE FIGHTING,S,"W,M",1,"['M,F']"
140817,3,LINCOLN YAZIDI COMMUNITY,S,"W,M",1,"['M,M']"
140817,4,NEW ORLEANS COPS,S,"W,F",5,"['B,F', 'W,M', 'W,M', 'W,M', 'B,M']"
140817,5,REVEL CASINO SHUTS DOWN,S,"W,M",2,"['W,M', 'W,M']"
140817,6,GRACELAND TOO,D,"W,M",9,"['W,F', 'W,F', 'W,M', 'O,M', 'W,M', 'O,M', 'W,M', 'W,M', 'O,F']"
140817,7,TV WIZARD WARS,S,"W,M",1,"['W,F']"
140817,8,BOOK WORKING STIFF,S,"W,F",1,"['W,F']"
140817,9,MUSIC WEEN,D,"W,F",3,"['W,M', 'W,M', 'W,M']"
140809,0,US AID TO YAZIDIS,S,"W,M",2,"['B,M', 'W,M']"
140809,1,ISIS BAGHDAD UPDATE,S,"W,F",1,"['M,M']"
140809,2,PRESIDENTS ON IRAQ,S,"W,M",4,"['W,M', 'W,M', 'W,M', 'B,M']"
140809,3,GAZA TUNNELS,D,"W,F",3,"['M,F', 'W,M', 'O,M']"
140809,4,ISRAEL GAZA SANCTIONS,S,"W,F",1,"['L,M']"
140809,5,BASS PUMPS YOU UP,S,"W,F",1,"['W,M']"
140809,6,OZY,S,"B,F",1,"['A,F']"
140809,7,BOOK BUILDING A BETTER TEACHER,S,"A,F",1,"['W,F']"
140809,8,CAGEFREE ZOO,S,"B,F",1,"['W,M']"
140809,9,MUSIC BETTO ARCOS,S,"W,M",1,"['L,M']"
140810,0,LIBYA UPDATE,S,"W,M",1,"['B,M']"
140810,1,EBOLA DOC OBIT,D,"B,F",6,"['B,M', 'B,F', 'B,F', 'B,M', 'B,M', 'B,M']"
140810,2,PHILADELPHIA POLICE CORRUPTION,S,"W,M",2,"['W,M', 'W,M']"
140810,3,ESCAPE CLASS,D,"W,M",5,"['W,M', 'W,M', 'L,F', 'O,M', 'W,M']"
140810,4,HEROIN RECOVERY COACH,D,"W,F",3,"['W,M', 'W,M', 'W,M']"
140810,5,SOUTH KOREAN ROYALS FAN,S,"W,F",2,"['A,M', 'W,M']"
140810,6,RURAL PLUMBER NEEDED,S,"B,F",2,"['W,M', 'W,F']"
140810,7,DIPLOMA FINALLY GRANTED,D,"B,F",2,"['B,M', 'W,M']"
140810,8,AIRSTREAMS,S,"W,M",4,"['W,M', 'W,M', 'W,F', 'W,M']"
140810,9,MUSIC FARMER JOHN,S,"W,F",2,"['L,M', 'W,M']"
140802,0,EBOLA UPDATE,S,"W,F",1,"['B,F']"
140802,1,MSF NURSE,S,"A,F",1,"['O,F']"
140802,2,CONGRESS IN RECESS,S,"W,M",1,"['W,M']"
140802,3,STOCKS TAKE A DIVE,S,"W,F",1,"['W,F']"
140802,4,DOLLAR TREE VS WALL STREET,S,"W,F",3,"['B,F', 'W,M', 'W,F']"
140802,5,UGANDA LGBT ACTIVIST,S,"W,M",1,"['B,M']"
140802,6,OZY,S,"B,F",1,"['B,M']"
140802,7,BLACK HALL OF FAMERS,S,"W,M",1,"['B,M']"
140802,8,NBA LADY COACH,S,"L,F",1,"['A,F']"
140802,9,MUSIC NAOMI SHELTON,S,"W,M",1,"['B,F']"
140802,10,ODD JOBS MAIL DELIVERY,D,"W,F",4,"['W,M', 'W,M', 'W,M', 'O,M']"
140803,0,GAZA UPDATE,D,"W,F",3,"['M,M', 'M,M', 'M,M']"
140803,1,IRSAELI AMBASSADOR,S,"W,M",1,"['W,M']"
140803,2,ALGAE BLOOM,D,"W,F",5,"['B,M', 'W,M', 'O,F', 'W,M', 'O,M']"
140803,3,COMMON CORE IN CLASSROOM,D,"A,M",2,"['O,F', 'W,M']"
140803,4,COMMON CORE 2WAY,S,"W,M",1,"['W,M']"
140803,5,COMPLAINT LETTERS,S,"W,M",1,"['W,M']"
140803,6,MBB DANNY TREJO,S,"W,M",1,"['L,M']"
140803,7,OPERA LOCKOUT UPDATE,D,"B,M",2,"['W,M', 'W,M']"
140803,8,BOOK WHY EDUCATION MATTERS,S,"W,F",1,"['W,M']"
140803,9,BYE KIDDIE PARK,D,"W,F",4,"['O,M', 'O,F', 'O,M', 'W,M']"
140803,10,MUSIC GOT A GIRL,S,"W,M",2,"['A,M', 'W,F']"
140727,0,FIGHTING RESUMES IN GAZA,D,"W,F",3,"['W,M', 'M,M', 'M,M']"
140727,1,GAZA DIFFERENCES,S,"W,M",1,"['W,F']"
140727,2,HARRIER JUMP JETS,S,"W,M",1,"['W,M']"
140727,3,ISIS IN IRAQ,S,"W,F",1,"['W,F']"
140727,4,EAST BAY SCHOOL FOR BOYS,S,"W,M",4,"['W,F', 'W,M', 'A,M', 'W,M']"
140727,5,MUSIC FINK,S,"B,F",1,"['W,M']"
140727,6,CORINTHIAN COLLEGES,S,"W,M",1,"['B,M']"
140727,7,LUCY BRAIN MYTH,S,"W,M",2,"['W,M', 'W,F']"
140727,8,HOMELESS SIGNS,S,"W,M",1,"['W,M']"
140727,9,BOOK LAND OF LOVE AND DROWNING,S,"W,F",1,"['B,F']"
140726,0,FIGHTING RESUMES IN GAZA,D,"W,F",3,"['M,F', 'M,F', 'M,M']"
140726,1,SYRIA UPDATE,S,"W,M",1,"['M,F']"
140726,2,AIRLINE INDUSTRY CONFLICT ZONES,S,"A,F",1,"['W,M']"
140726,3,OZY,S,"B,F",1,"['A,F']"
140726,4,LIFETIME DIVERSITY,S,"B,F",3,"['W,M', 'B,F', 'B,F']"
140726,5,MUSIC ERIC CLAPTON,S,"W,M",1,"['W,M']"
140726,6,MBB POST IT NOTE,S,"W,M",2,"['W,M', 'W,M']"
140726,7,BOOK ESSENTIALISM,S,"A,F",1,"['W,M']"
140726,8,MOVIE MOST WANTED MAN,S,"B,F",1,"['W,M']"
140720,0,ISRAEL GAZA CASUALTIES CLIB,S,"W,F",1,"['W,M']"
140720,1,UKRAINE PLANE CRASH,S,"W,M",2,"['W,M', 'W,F']"
140720,2,TROUBLE FOR BROWNBACK,S,"W,F",2,"['W,M', 'W,M']"
140720,3,DROUGHT UPDATE,S,"W,M",1,"['W,F']"
140720,4,SAM'S DROUGHT POLICE STORY,D,"B,M",2,"['W,M', 'L,M']"
140720,5,MICHOACAN MIGRANT,D,"W,M",3,"['L,M', 'L,F', 'L,M']"
140720,6,LIONFISH DISCOVERY,S,"W,F",2,"['W,F', 'W,M']"
140720,7,MBB SHAUN T,S,"B,F",1,"['B,M']"
140720,8,MUSIC SHABAZZ PALACES,S,"W,M",1,"['B,M']"
140719,0,UKRAINE PLANE CRASH,S,"W,M",2,"['W,M', 'W,M']"
140719,1,AIDS RESEARCHERS,S,"W,F",1,"['W,F']"
140719,2,ISRAEL GAZA SOCIAL MEDIA,D,"W,M",4,"['M,M', 'M,M', 'M,F', 'W,F']"
140719,3,ILLEGAL IMMIGRANTS IN LA,S,"W,M",3,"['L,M', 'L,F', 'L,F']"
140719,4,BUSINESS OF COMIC CON,D,"W,M",5,"['W,M', 'W,M', 'W,M', 'W,F', 'W,M']"
140719,5,MUSIC JENNY LEWIS,S,"W,M",1,"['W,F']"
140719,6,BOOK MOCKINGBIRD MEMOIR,S,"W,F",1,"['W,F']"
140719,7,JAMBO RADIO,D,"W,M",2,"['B,M', 'B,F']"
140719,8,TIM BOMBA PROFILE,S,"W,F",1,"['W,M']"
140713,0,KURDS VS IRAQ IN BAGHDAD,S,"W,F",1,"['M,F']"
140713,1,VENICE INEQUALITY,S,"W,F",4,"['W,F', 'W,M', 'B,F', 'W,M']"
140713,2,WORLD CUP FINAL,S,"W,F",1,"['W,M']"
140713,3,GAZA PASSPORTS,D,"W,M",2,"['O,F', 'W,M']"
140713,4,KARYN PARSONS,S,"B,F",1,"['B,F']"
140713,5,DISNEY DEAD MOMS,S,"W,M",1,"['W,F']"
140713,6,PLUTO SAVE THE DATE,S,"B,F",1,"['W,M']"
140713,7,HEARING AID EVOLUTION,S,"W,F",1,"['W,F']"
140713,8,BOOK LAST STORIES AND OTHER STORIES,S,"W,F",1,"['W,M']"
140713,9,MOVIES OF 1994,S,"W,F",1,"['B,M']"
140713,10,LORIN MAAZEL OBIT,S,"W,M",1,"['W,M']"
140712,0,UN SECURITY COUNCIL,S,"W,F",1,"['W,M']"
140712,1,HAMAS ROCKETS,S,"W,M",1,"['W,F']"
140712,2,GORED BY THE BULLS,S,"W,M",1,"['W,M']"
140712,3,LA PORT STRIKE,S,"W,M",1,"['W,M']"
140712,4,COLORADO RIVER UNDAMMED,S,"W,F",1,"['W,M']"
140712,5,LEBRON RETURNS TO CLEVELAND,D,"W,M",5,"['O,M', 'W,M', 'O,F', 'W,M', 'B,M']"
140712,6,BOOK FIGHTSHARK,S,"W,F",1,"['W,M']"
140712,7,NATURAL INSEMINATION,S,"W,F",4,"['A,F', 'W,M', 'W,F', 'W,F']"
140712,8,MUSIC CHRISSIE HYNDE,S,"W,M",1,"['W,F']"
140712,9,TOMMY RAMONE OBIT,S,"W,M",1,"['W,M']"
140705,0,ISIS LEADER VIDEO,D,"W,F",1,"['O,M']"
140705,1,UNACCOMPANIED MINORS,S,"W,M",1,"['L,M']"
140705,2,ICE CITIES,D,"W,F",5,"['L,F', 'L,F', 'W,M', 'W,M', 'O,M']"
140705,3,CAREGIVING PARENTS,D,"W,F",3,"['A,M', 'O,F', 'O,F']"
140705,4,CAREGIVING FOLO,S,"A,F",2,"['W,M', 'W,F']"
140705,5,BRAZIL STAR INJURED,D,"W,M",3,"['L,F', 'L,M', 'L,M']"
140705,6,WIMBLEDON HAWK,S,"W,M",1,"['W,F']"
140705,7,SOUND OF TEMPERATURE,S,"W,F",0,[]
140705,8,OZY,S,"B,F",1,"['B,M']"
140705,9,BOOK ECHO'S BONES,S,"W,F",1,"['W,M']"
140705,10,MUSIC NRBQ,S,"W,M",1,"['W,M']"
140706,0,ISRAEL TEENAGERS,S,"W,F",3,"['W,M', 'M,M', 'M,F']"
140706,1,PROMISE ZONES,S,"B,F",4,"['B,M', 'L,M', 'W,M', 'W,F']"
140706,2,QUEBEC RAILROAD EXPLOSION ANNIVERSARY,D,"W,M",3,"['O,F', 'W,M', 'W,M']"
140706,3,DOC INTERNET'S OWN BOY,S,"W,M",1,"['W,M']"
140706,4,MBB RESTORATIVE JUSTICE,S,"W,M",1,"['W,F']"
140706,5,SOUND OF TEMPERATURE RESULTS,S,"W,F",0,[]
140706,6,BOOK I SAID YES TO EVERYTHING,S,"W,F",1,"['W,F']"
140706,7,MUSIC ECHO & THE BUNNYMEN,S,"W,F",1,"['W,M']"
140629,0,MOSUL VET,S,"W,F",1,"['W,M']"
140629,1,NO FLY PLAINTIFF,S,"W,M",1,"['M,M']"
140629,2,TIPPED WAGES,S,"W,M",6,"['A,F', 'W,M', 'L,M', 'M,M', 'W,F', 'W,F']"
140629,3,WAGE THEFT,S,"L,F",1,"['W,F']"
140629,4,OPTIMUS PRIME VOICE,S,"W,M",1,"['W,M']"
140629,5,1994 COLOMBIA WORLD CUP,S,"W,F",1,"['L,M']"
140629,6,SNOWPIERCER,D,"W,F",2,"['A,M', 'W,M']"
140629,7,BOOK UNRULY,S,"W,F",1,"['B,M']"
140628,0,BENGHAZI SUSPECT,S,"W,F",1,"['W,F']"
140628,1,BAGHDAD CAUGHT IN ISIS,S,"W,M",1,"['W,F']"
140628,2,ISIS NORTHERN IRAQ,S,"W,F",1,"['M,M']"
140628,3,VIOLENCE VS NARRATIVE VIDEO GAMES,S,"W,F",1,"['W,M']"
140628,4,ELECTRIC HARLEYS,D,"W,M",6,"['W,M', 'W,M', 'W,M', 'W,M', 'O,M', 'O,M']"
140628,5,JOHN FORCE PROFILE,S,"W,M",3,"['W,M', 'W,F', 'L,M']"
140628,6,OZY,S,"B,F",1,"['B,M']"
140628,7,BOOK EVERYTHING I NEVER TOLD YOU,S,"W,F",1,"['A,F']"
140628,8,MUSIC ANI CORDERO,S,"W,M",1,"['L,F']"
141116,0,MINORS & SEXUAL CONSENT,S,"W,M",3,"['W,F', 'W,F', 'B,M']"
141116,1,UNPUBLISHED STEINBECK STORY,S,"B,F",1,"['W,M']"
141116,2,ISIS BEHEADING VIDEO,D,"W,F",1,"['M,M']"
141116,3,ISIS AND RELIGIOUS LANGUAGE,S,"W,F",1,"['M,M']"
141116,4,WOMEN IN WEARABLES,S,"W,F",1,"['W,F']"
141116,5,MUSIC BRIAN FERRY,S,"W,M",1,"['W,M']"
141116,6,LAKERS EN ESPANOL,S,"W,F",3,"['L,M', 'L,F', 'L,M']"
141116,7,AMPUTEE BOXING,D,"W,M",4,"['L,M', 'O,M', 'W,M', 'W,M']"
141116,8,BOOK THE UNSPEAKABLE,S,"W,F",1,"['W,F']"
141116,9,LARSON OBIT,S,"A,F",1,"['W,F']"
141115,0,HEALTH CARE OPEN ENROLLMENT,S,"W,M",3,"['W,F', 'W,M', 'L,M']"
141115,1,MAYDAY PAC POST MORTEM,S,"W,M",1,"['W,M']"
141115,2,BOOK @WAR,S,"W,F",1,"['W,M']"
141115,3,MEXICO DISAPPEARED STUDENTS,S,"W,M",1,"['L,M']"
141115,4,MUSIC MELVIN VAN PEEBLES & HELIOCENTRICS,S,"W,M",2,"['B,M', 'O,M']"
141115,5,DELINQUENT FINES STORY 4,D,"W,M",7,"['W,F', 'W,M', 'W,M', 'O,M', 'O,M', 'O,M', 'W,M']"
141115,6,INDIAN DANCER WITH DOWN SYNDROME,D,"A,M",3,"['A,F', 'A,F', 'A,M']"
141115,7,MBB KARYN PARSONS,S,"B,F",1,"['B,F']"
"140621","0","ISIS TACTICS","S","W,F","2","['B,M', 'W,F']"
"140621","1","ISIS DIPLOMATIC FALLOUT","S","W,F","1","['M,M']"
"140621","2","AFGHANISTAN LATEST","D","W,M","3","['M,M', 'W,M', 'M,M']"
"140621","3","VIDEO GAME COVER STORY","S","W,F","5","['W,M', 'M,F', 'W,M', 'W,F', 'W,M']"
"140621","4","OZY","S","B,F","1","['B,M']"
"140621","5","MOVIE MISS LOVELY","S","B,F","1","['A,M']"
"140621","6","MANAUS STADIUM","D","W,M","3","['L,M', 'L,M', 'L,M']"
"140621","7","MBB MICHAEL K WILLIAMS","S","W,M","1","['B,M']"
"140621","8","MUSIC BOBBY HUTCHERSON","S","W,M","1","['B,M']"
"140622","0","OBAMA AND USE OF MILITARY FORCE","D","W,M","6","['B,M', 'W,F', 'L,M', 'W,M', 'W,M', 'W,M']"
"140622","1","EASTERN UKRAINE LATEST WATC","S","W,M","1","['W,M']"
"140622","2","GEORGIA GUN LAW CONFUSION","D","W,F","6","['W,M', 'W,F', 'W,F', 'W,M', 'A,M', 'W,M']"
"140622","3","GUANTANAMO CHECKIN","S","W,M","1","['W,F']"
"140622","4","WORLD CUP SOCCER CLEATS","S","W,M","2","['L,M', 'W,M']"
"140622","5","BARD PRISON GRADS","D","W,F","5","['B,M', 'B,F', 'W,M', 'W,M', 'B,F']"
"140622","6","MOVIE CODE BLACK","S","W,M","1","['W,M']"
"140622","7","BOOK A LONG WAY HOME","S","W,F","1","['A,M']"
"140622","8","MUSIC PHISH","S","W,M","1","['W,M']"
"140615","0","RISING COST OF RENTING","S","W,F","2","['L,F', 'W,M']"
"140615","1","BERGMAN RENTAL PIECE","D","W,M","3","['W,F', 'W,M', 'L,M']"
"140615","2","IRAQ UPDATE","S","W,M","1","['M,F']"
"140615","3","LA FATHERS PRORAM","S","B,F","6","['O,M', 'W,M', 'L,M', 'L,M', 'O,M', 'B,M']"
"140615","4","ENCORE KASEM CASEY","D","M,M","2","['M,M', 'W,M']"
"140615","5","GHANA USA SETUP","S","W,M","1","['W,M']"
"140615","6","BRAZIL SOCCER STAR POLITICS","S","W,F","1","['W,M']"
"140615","7","MUSIC WILLIE NELSON","S","W,M","1","['W,M']"
"140614","0","IRAQ MILITARY MELTDOWN","S","W,F","1","['W,M']"
"140614","1","US IRAQ POLITICS","S","W,F","2","['B,M', 'W,F']"
"140614","2","RISE OF MIDEAST STRONGMEN","S","W,F","1","['M,M']"
"140614","3","BUNDY UPDATE","S","W,M","2","['W,M', 'W,M']"
"140614","4","MENTALLY ILL AND POLICE","S","W,M","1","['W,M']"
"140614","5","BEYOND THE TURING TEST","S","B,F","1","['W,M']"
"140614","6","OZY","S","B,F","1","['B,M']"
"140614","7","BOOK BRUTAL YOUTH","S","W,M","1","['W,M']"
"140614","8","MUSIC KAREN KILGARIFF","S","W,M","1","['W,F']"
"140608","0","FIXING THE VA","S","W,M","2","['W,M', 'W,M']"
"140608","1","CHILDREN OF THE IMPRISONED","S","B,F","2","['B,F', 'W,M']"
"140608","2","VENEZEULA BLACK MARKET","D","W,M","3","['L,M', 'L,M', 'L,M']"
"140608","3","ROBOTIC EXOSKELETON","D","L,F","1","['L,M']"
"140608","4","TOMMY JOHN SURGERY","S","W,F","1","['W,M']"
"140608","5","DOCUMENTING DYING CHILDREN","D","W,M","4","['L,F', 'W,F', 'L,M', 'W,F']"
"140608","6","ZOMBIES 101","D","W,F","3","['W,F', 'W,M', 'W,F']"
"140608","7","BOOK BOY AND HIS JAGUAR","S","W,F","1","['W,M']"
"140608","8","MUSIC TOM CHANG","S","W,M","1","['A,M']"
"140607","0","OBAMA POLITICS","S","W,M","2","['B,M', 'W,F']"
"140607","1","POW NEGOTIATION HISTORY","S","W,M","1","['W,M']"
"140607","2","STRENGTH OF AL QAEDA","S","W,M","1","['W,M']"
"140607","3","MORMON LANGUAGE SCHOOL","S","W,F","7","['W,F', 'W,M', 'W,M', 'W,F', 'W,F', 'W,F', 'W,M']"
"140607","4","GAME ADDICTION SCIENCE","S","W,M","1","['W,F']"
"140607","5","BUTLERS","S","W,F","1","['W,M']"
"140607","6","NEW AND THE NEXT","S","B,F","1","['B,M']"
"140607","7","BOOK TAKE THIS MAN","S","W,F","1","['L,M']"
"140607","8","MUSIC BETTO ARCOS","S","W,M","1","['L,M']"
"140531","0","AMERICAN POW RELEASED","S","W,M","3","['B,M', 'W,F', 'W,M']"
"140531","1","AFGHANISTAN FOLO","S","W,M","1","['M,M']"
"140531","2","SHINSEKI RESIGNATION FOLO","S","W,M","2","['B,M', 'W,M']"
"140531","3","DRIVERLESS CAR DESIGN","S","W,F","1","['W,M']"
"140531","4","MISSIONLESS WEAPON","S","W,F","1","['W,M']"
"140531","5","RISE OF SADVERTISING","S","W,F","1","['W,F']"
"140531","6","MBB DEAN DILLON","S","W,M","1","['W,M']"
"140531","7","DOC KORENGAL","S","B,F","1","['W,M']"
"140531","8","NEW AND NEXT","S","B,F","1","['B,M']"
"140531","9","ACTRESS OF A CERTAIN AGE","D","L,F","2","['W,F', 'W,F']"
"140601","0","BERGDAHL HOMETOWN REAX","S","W,M","2","['W,F', 'W,F']"
"140601","1","FIVE TALIBAN PRISONERS","S","W,M","1","['W,M']"
"140601","2","EGYPT ELECTION","S","W,M","1","['M,F']"
"140601","3","STRAY BULLETS","S","W,M","5","['B,M', 'L,F', 'L,M', 'W,M', 'B,F']"
"140601","4","TV FARGO'S DEAF ACTOR","S","W,F","2","['W,M', 'W,M']"
"140601","5","BOOK REMEMBER ME LIKE THIS","S","B,F","1","['W,M']"
"140601","6","MUST READ CAROUSEL","D","W,F","1","['W,F']"
"140601","7","MUSIC MESHELL NDEGEOCELLO","S","W,M","1","['B,F']"
"140525","0","SANTA BARBARA SHOOTING LATEST","S","W,F","3","['W,M', 'B,M', 'W,M']"
"140525","1","UKRAINE ELECTION","D","W,M","4","['O,M', 'W,M', 'W,F', 'O,F']"
"140525","2","IRAN HUMAN RIGHTS","S","W,M","1","['M,M']"
"140525","3","POTUS IN AFGHANISTAN","S","W,F","2","['B,M', 'W,M']"
"140525","4","THE DARKNET","S","B,F","2","['W,F', 'W,F']"
"140525","5","JEFF GOLDBLUM'S JAZZ STORY","S","W,M","6","['W,M', 'W,M', 'W,M', 'O,M', 'O,M', 'O,F']"
"140525","6","BOOK ALL THE LIGHT WE CANNOT SEE","S","W,F","1","['W,M']"
"140525","7","BOOK MUSIC BERT BERNS","S","W,M","1","['W,M']"
"140524","0","G&C ELECTRONIC MONITORING","D","W,M","3","['W,M', 'W,M', 'W,M']"
"140524","1","SANTA BARBARA SHOOTING","S","W,M","1","['W,M']"
"140524","2","WHERE DO THE FINES GO? ","S","W,F","1","['W,F']"
"140524","3","HOMELESS TEEN IN RURAL NYS","D","W,F","4","['W,F', 'W,M', 'W,F', 'W,F']"
"140524","4","SPORTS CHAT","S","W,M","2","['L,M', 'B,M']"
"140524","5","NEW AND NEXT","S","B,F","1","['B,M']"
"140524","6","UNMASKING THE GIMP","S","W,M","1","['W,M']"
"140524","7","MUSIC ENNIO MORRICONE","S","W,F","1","['W,M']"
"140518","0","INDIA ELEX FOLO","S","W,F","1","['W,F']"
"140518","1","KENYA UPDATE","S","W,F","1","['W,M']"
"140518","2","MERS OUTBREAKS","S","W,F","1","['W,M']"
"140518","3","ENCORE FIRST AMERICAN TEENAGER","D","W,M","2","['W,M', 'W,F']"
"140518","4","PEST FIGHTING INSECTS","S","W,M","3","['W,M', 'L,M', 'W,M']"
"140518","5","SOFTBALL MASKS","D","W,F","5","['O,F', 'O,F', 'W,F', 'O,M', 'W,M']"
"140518","6","BOOK FRIDAY WAS THE BOMB","S","W,F","1","['W,M']"
"140518","7","MBB TERRY BORING","S","W,M","1","['W,M']"
"140518","8","DESIGNING GODZILLA'S ROAR","S","W,M","2","['W,M', 'W,M']"
"140518","9","MUSIC HANK WILLIAMS LOST RECORDING","S","W,M","2","['W,M', 'W,F']"
"140517","0","10 YEARS OF GAY MARRIAGE","S","W,F","3","['W,F', 'W,F', 'W,M']"
"140517","1","BAPTIST CHURCH GAY MARRIAGE","D","W,M","7","['B,M', 'W,M', 'W,M', 'W,M', 'W,M', 'W,F', 'B,F']"
"140517","2","VA SCANDAL FOLO","S","W,M","1","['W,M']"
"140517","3","BOOK CLASH OF THE FINANCIAL PUNDITS","S","W,F","1","['W,M']"
"140517","4","DRINKABLE BOOK","S","B,F","1","['W,F']"
"140517","5","NEW AND NEXT","S","B,F","1","['B,M']"
"140517","6","MUSIC MICHAEL JACKSON POSTHUMOUS ALBUM","S","W,M","1","['W,F']"
"140517","7","TV BOOK MANHOOD","S","W,M","1","['B,M']"
