Date,Order,Slug,Origin,Producer,Guest number,Guest info
141109,0,RIVERSIDE VETERANS DAY,S,"W,M",4,"['B,M', 'B,F', 'W,F', 'L,M']"
141109,1,BOOK WHY WE LOST,S,"W,F",1,"['W,M']"
141109,2,BERLIN WALL ANNIVERSARY,S,"W,F",1,"['M,F']"
141109,3,CONSUMERS LOVE CHEAP GAS,D,"W,F",4,"['W,M', 'W,M', 'W,M', 'W,M']"
141109,4,HOLIDAY AIR TRAVEL,D,"W,M",2,"['L,F', 'W,M']"
141109,5,NORMANDY GRAVE PROVIDES CLOSURE,D,"W,M",2,"['W,F', 'W,M']"
141109,6,HEDY LAMARR'S 100TH,S,"W,M",1,"['W,M']"
141109,7,BERLIN TECHNO,D,"W,F",4,"['W,M', 'W,M', 'W,M', 'W,M']"
141109,8,MUSIC BOOK BLACK HORN,S,"W,M",1,"['B,M']"
141109,9,MBB JAMES EARL JONES,S,"W,M",1,"['B,M']"
141108,0,NORTH KOREA RELEASE,S,"W,M",1,"['W,F']"
141108,1,MIDTERM WOMEN,S,"W,F",1,"['W,F']"
141108,2,BLACK REPUBLICANS,D,"A,M",5,"['B,M', 'B,M', 'B,M', 'B,F', 'B,F']"
141108,3,DEPUTIES IMMIGRATION,D,"L,M",4,"['W,M', 'W,M', 'W,M', 'W,F']"
141108,4,OVERWEIGHT WOMEN IN WORKPLACE,S,"W,F",1,"['W,F']"
141108,5,DOC LIFE AND CRIMES,S,"B,F",2,"['W,M', 'B,F']"
141108,6,ROBOT BABY PENGUIN,S,"B,F",2,"['W,M', 'W,M']"
141108,7,MUSIC BETTE MIDLER,S,"W,M",1,"['W,F']"
141108,8,BLACK HOLES,D,"W,M",0,['']
141108,9,NASA SPACE SOUNDS,S,"W,F",1,"['W,M']"
141102,0,PAKISTAN BOMBING,S,"W,F",1,"['W,M']"
141102,1,NEBRASKA EBOLA DOC,S,"W,M",1,"['W,M']"
141102,2,ELECTION LOOKAHEAD,S,"W,F",1,"['W,F']"
141102,3,WOMEN VOTERS,S,"W,F",1,"['W,F']"
141102,4,MUST READ QUANTITATIVE EASING,D,"W,F",1,"['W,M']"
141102,5,IMMIGRANT MAGAZINE,S,"B,F",1,"['B,F']"
141102,6,MUSIC MIGUEL ZENON,S,"W,M",1,"['L,M']"
141102,7,CLIPPERS TECH,S,"W,M",1,"['A,M']"
141102,8,MUSIC BOOK LENINGRAD,S,"W,F",1,"['W,M']"
141102,9,MBB BETTY WHITE,S,"W,M",1,"['W,F']"
141101,0,LAVA FLOW DIVERSION,S,"W,M",2,"['W,M', 'O,F']"
141101,1,EBOLA BURIALS,S,"W,F",1,"['W,M']"
141101,2,AMELIA EARHART FRAGMENT,S,"W,F",1,"['W,M']"
141101,3,STREET HARASSMENT VIDEO,S,"W,M",1,"['W,F']"
141101,4,ELECTRIC TRUCKS,D,"W,M",4,"['W,M', 'W,M', 'W,M', 'W,M']"
141101,5,MUSIC BETTO ARCOS,S,"W,M",1,"['L,M']"
141101,6,NEW BOOM COHABITATION,D,"W,M",3,"['W,F', 'W,M', 'W,F']"
141101,7,BOOK A MAP OF BETRAYAL,S,"W,F",1,"['A,M']"
141101,8,ADAM DRIVER,S,"B,F",1,"['W,M']"
141026,0,SKID ROW COVER STORY,S,"W,M",10,"['B,F', 'B,F', 'W,F', 'B,M', 'L,M', 'W,M', 'W,M', 'W,M', 'W,M', 'W,M']"
141026,1,GOVERNORS ON EBOLA,D,"W,M",3,"['W,M', 'W,F', 'W,M']"
141026,2,WOMEN ON MARS,S,"W,F",1,"['W,F']"
141026,3,GOTHAM STUNTWOMAN CONTOVERSY,S,"W,F",3,"['W,M', 'B,F', 'B,M']"
141026,4,LED ZEPPELIN PLAGIARISM,S,"W,M",1,"['O,M']"
141026,5,MUST READ BLACKWATER,D,"W,F",1,"['W,M']"
141026,6,MAC SALES SOARING,S,"A,F",1,"['L,M']"
141026,7,BRAIN PATIENT INTERFACE,S,"B,F",1,"['W,M']"
141026,8,MUSIC MAYA BEISER,S,"W,M",1,"['W,F']"
141025,0,EBOLA SUITS,D,"W,M",2,"['A,M', 'W,M']"
141025,1,BECKY ON EBOLA,S,"W,M",1,"['W,F']"
141025,2,CANADA REAX,D,"W,F",3,"['W,M', 'W,M', 'W,M']"
141025,3,UKRAINE ELECTIONS,S,"W,M",1,"['W,M']"
141025,4,LATINO POLITICS IN NEVADA,D,"W,M",3,"['L,F', 'W,M', 'W,M']"
141025,5,WORLD SERIES SOUND DESIGN,S,"W,F",1,"['W,M']"
141025,6,OLE MISS,D,"W,F",6,"['W,M', 'B,F', 'W,M', 'W,M', 'W,F', 'W,M']"
141025,7,BOOK JIM,S,"W,F",1,"['W,M']"
141025,8,MBB MUGGSY BOGUES,S,"W,M",1,"['B,M']"
141025,9,MUSIC FLAMING LIPS,S,"W,M",1,"['W,M']"
141019,0,IMMIGRATION UPDATE,S,"B,F",1,"['W,M']"
141019,1,SUBURBAN IMMIGRANTS,D,"B,F",5,"['L,F', 'W,M', 'W,F', 'W,M', 'O,F']"
141019,2,MUST READ LIT AWARDS,D,"W,F",1,"['W,M']"
141019,3,TENNESSEE OPIATES LAW,S,"A,F",1,"['W,F']"
141019,4,CONVERSE LAWSUIT,S,"W,F",1,"['W,M']"
141019,5,TEXAS CATTLE RUSTLING,S,"W,M",2,"['W,M', 'W,M']"
141019,6,DROUGHTS AND DYSTOPIAS,D,"W,F",4,"['W,M', 'W,F', 'W,F', 'W,F']"
141019,7,BOOK LIVES OF MUHAMMAD,S,"W,F",1,"['O,F']"
141019,8,COUGARS,S,"A,F",2,"['W,M', 'L,F']"
141019,9,MBB GEENA DAVIS,S,"W,M",1,"['W,F']"
141018,0,EBOLA RESPONSE LOGISTICS,S,"W,F",2,"['B,M', 'W,M']"
141018,1,SKYPE A DOCTOR,S,"W,F",1,"['A,M']"
141018,2,SAUDI CLERIC SENTENCED TO DEATH,D,"M,F",2,"['M,M', 'W,M']"
141018,3,PROSECUTORS AGAINST GUN VIOLENCE,S,"W,M",2,"['W,M', 'W,M']"
141018,4,GAMING DEATH THREATS,S,"W,M",2,"['W,F', 'W,M']"
141018,5,BOOK DOES SANTA EXIST,S,"W,F",1,"['W,M']"
141018,6,DEAR WHITE PEOPLE,D,"L,F",1,"['B,M']"
141018,7,DOC WATCHERS OF THE SKY,S,"B,F",1,"['W,F']"
141018,8,MUSIC PRIMUS,S,"W,M",1,"['W,M']"
141012,0,EBOLA US SECOND CASE,D,"W,M",4,"['W,M', 'W,M', 'W,M', 'O,F']"
141012,1,EBOLA FOLO,S,"W,M",1,"['W,F']"
141012,2,DEATH OF WOLVERINE,S,"W,F",1,"['W,M']"
141012,3,BROWARD STUDENT LOANS,D,"W,M",4,"['W,M', 'O,M', 'W,M', 'W,F']"
141012,4,STOLEN STRADIVARIUS,S,"W,M",3,"['W,M', 'A,F', 'W,M']"
141012,5,COOKING COMPETITIONS,S,"W,F",1,"['A,M']"
141012,6,EBOLA MUSIC,D,"W,M",1,"['B,M']"
141012,7,ISIS ADVANCES,S,"W,M",1,"['W,M']"
141012,8,BOOK AS YOU WISH,S,"B,F",1,"['W,M']"
141012,9,MUSIC FLYING LOTUS,S,"W,M",1,"['B,M']"
141011,0,FERGUSON WEEKEND MARCHES,S,"W,F",1,"['W,F']"
141011,1,STOCKS SOAR FROM EBOLA,S,"W,M",1,"['W,M']"
141011,2,TECH ROUNDUP,S,"W,F",1,"['W,M']"
141011,3,JASON CARTER FOR GOVERNOR,D,"W,F",8,"['W,M', 'W,M', 'W,M', 'B,F', 'B,F', 'O,M', 'W,M', 'W,M']"
141011,4,ITALIAN EARTHQUAKE TRIAL,S,"W,M",1,"['W,M']"
141011,5,MUSIC MARY LAMBERT,S,"B,F",1,"['W,F']"
141011,6,CAPTAIN AMERICA FOR SALE,S,"W,M",5,"['W,F', 'W,M', 'B,M', 'O,M', 'W,M']"
141011,7,COMEDY CAMERON ESPOSITO,S,"W,M",1,"['W,F']"
141011,8,BOOK EVEN THIS I GET TO EXPERIENCE,S,"W,F",1,"['W,M']"
141005,0,EBOLA VACCINE ETHICS,D,"B,F",5,"['W,M', 'W,M', 'W,M', 'M,M', 'W,F']"
141005,1,PAKISTAN DRONE STRIKES,S,"A,F",1,"['W,F']"
141005,2,DOLPHINS ARENT SO GREAT,S,"B,F",1,"['W,F']"
141005,3,ALASKA NATIONAL GUARD SCANDAL,D,"L,F",2,"['W,M', 'W,F']"
141005,4,HISTORY OF SEXUAL CONSENT POLICIES,S,"W,F",1,"['W,F']"
141005,5,ALGORITHM FOR ENTREPRENEURS,S,"B,F",2,"['W,M', 'B,F']"
141005,6,VOICE HACKING,S,"W,M",1,"['W,M']"
141005,7,RIGHT TO SILENCE,D,"W,F",4,"['A,F', 'W,M', 'W,M', 'W,M']"
141005,8,BOOK A BRIEF HISTORY OF SEVEN KILLINGS,S,"W,F",1,"['B,M']"
141005,9,MUSIC MOVIE GUSTAVO DUDAMEL,S,"W,M",1,"['L,M']"
141004,0,EBOLA DALLAS LATEST,D,"B,M",6,"['B,M', 'W,M', 'W,M', 'W,F', 'W,M', 'W,F']"
141004,1,BABY DOC OBIT,S,"W,M",1,"['B,F']"
141004,2,SECRET SERVICE FOLO,S,"W,M",1,"['W,M']"
141004,3,HONG KONG UPDATE,S,"W,F",1,"['A,F']"
141004,4,HP LOVECRAFT AWARD,S,"B,F",1,"['W,F']"
141004,5,MUSIC BELA FLECK AND ABIGAIL WASHINGTON,S,"W,M",2,"['W,M', 'W,F']"
141004,6,NEW MEMORIAL DISABLED VETS,D,"W,M",3,"['W,M', 'W,M', 'W,M']"
141004,7,BOOK THE INVISIBLE FRONT,S,"W,F",1,"['W,M']"
141004,8,MOVIE GONE GIRL,S,"W,M",1,"['W,M']"
140928,0,HONG KONG PROTESTS,S,"W,M",1,"['W,F']"
140928,1,TREASURY TARGETS ISIS,S,"W,M",1,"['L,M']"
140928,2,JOURNO PLACED ON WATCHLIST,S,"W,M",1,"['W,M']"
140928,3,GUN INJURY DATABASE,D,"W,M",3,"['W,M', 'W,M', 'B,M']"
140928,4,UCLA EBOLA DOCTOR,S,"W,M",1,"['W,F']"
140928,5,MUSIC JOHN LUTHER ADAMS,S,"W,M",1,"['W,M']"
140928,6,BLOOD TEST DEPRESSION,S,"A,F",1,"['W,M']"
140928,7,BOOK PRINCE OF LOS COCUYOS,S,"W,F",1,"['L,M']"
140928,8,MOVIE THEATER INNOVATIONS,D,"B,M",6,"['O,M', 'O,F', 'W,M', 'W,M', 'W,M', 'W,M']"
140928,9,SPANGLISH HIT SONG,S,"W,F",1,"['W,M']"
140921,0,TURKEY ISIS REFUGEES,S,"W,F",1,"['W,F']"
140921,1,LIBYA UPDATE,S,"W,M",1,"['W,F']"
140921,2,PERFECTLY NORMAL,S,"W,F",3,"['W,F', 'W,F', 'W,M']"
140921,3,MARS MISSION,D,"W,M",2,"['W,M', 'W,M']"
140921,4,ISRAEL UNIT 8200,S,"W,M",1,"['W,M']"
140921,5,UGANDA LGBT ACTIVIST UPDATE,S,"W,M",1,"['B,M']"
140921,6,MUSIC CHAD LAWSON,S,"B,F",1,"['W,M']"
140921,7,BOOK MY LIFE AS A FOREIGN COUNTRY,S,"W,M",1,"['W,M']"
140921,8,MBB GEORGIA DURANTE,S,"W,M",1,"['W,F']"
140921,9,TV TRANSPARENT,S,"W,F",1,"['W,F']"
140920,0,TURKEY ISIS REFUGEES,S,"W,F",1,"['W,F']"
140920,1,GERMANY ISIS STRATEGY,S,"W,M",1,"['W,M']"
140920,2,MAMMOTH MOVE,D,"W,F",3,"['W,M', 'W,M', 'W,M']"
140920,3,LIBERIA DEPUTY CHIEF OF STAFF,S,"W,F",1,"['B,M']"
140920,4,NFL FRIDAY NIGHT,D,"W,M",5,"['W,M', 'W,F', 'B,F', 'B,M', 'W,M']"
140920,5,MUSIC JENNIFER HUDSON,S,"W,F",1,"['B,F']"
140920,6,DATA BOOT CAMP,S,"B,F",1,"['W,F']"
140920,7,BOOK MY PASSAGES,S,"B,F",1,"['W,F']"
140920,8,TV MEN IN BLAZERS,S,"W,F",2,"['W,M', 'W,M']"
140914,0,ISIS SUPERSPOT,D,"W,F",3,"['W,M', 'W,M', 'A,M']"
140914,1,MEDIA BEHEADING VIDEOS,S,"W,M",1,"['W,F']"
140914,2,UKRAINE CEASEFIRE DISSOLVES,D,"W,F",5,"['O,F', 'O,F', 'O,M', 'O,F', 'O,F']"
140914,3,CLINTONS IN IOWA,S,"W,M",2,"['W,F', 'W,M']"
140914,4,NFL BRAIN INJURIES,S,"A,F",1,"['W,M']"
140914,5,GERMANY ANTI ANTI SEMITISM,D,"M,F",5,"['W,F', 'W,M', 'W,M', 'O,M', 'O,F']"
140914,6,MBB SERGIO MENDES,S,"W,M",1,"['L,M']"
140914,7,TV TIM AND ERIC,S,"W,M",2,"['W,M', 'W,M']"
140914,8,MUST READ LOW CARB DIETS,D,"W,F",1,"['W,F']"
140914,9,BOOK PERFIDIA,S,"W,F",1,"['W,M']"
140913,0,US IRAQ IRAN,S,"W,M",1,"['W,F']"
140913,1,IS OR ISIS OR ISIL,S,"W,M",3,"['B,M', 'M,F', 'W,M']"
140913,2,MESSY WORLD,S,"W,F",1,"['W,M']"
140913,3,TMZ AND RAY RICE,S,"W,M",1,"['W,F']"
140913,4,BLUE WHALES,S,"B,F",1,"['W,M']"
140913,5,OZY PED,S,"B,F",1,"['B,M']"
140913,6,TODDLER UNBOXING,S,"A,F",1,"['O,F']"
140913,7,BOOK STONE MATTRESS,S,"W,F",1,"['W,F']"
140913,8,MUSIC JASON MORAN,S,"W,M",1,"['B,M']"
140913,9,JOE SAMPLE OBIT,S,"W,M",1,"['B,M']"
140907,0,EBOLA RESOURCES,S,"W,F",1,"['A,F']"
140907,1,EBOLA VOLUNTEERS,D,"W,M",2,"['W,F', 'B,M']"
140907,2,BORDER PATROL UPDATE,D,"W,F",3,"['L,M', 'L,M', 'L,M']"
140907,3,ISIS FUNDING,S,"W,M",2,"['B,M', 'W,F']"
140907,4,FUKUSHIMA ANNIVERSARY,S,"W,M",1,"['W,F']"
140907,5,SCUBA VETS,S,"W,F",2,"['W,M', 'W,F']"
140907,6,MBB DOLPH LUNDGREN,S,"W,M",1,"['W,M']"
140907,7,CHESS FEAT IN ST LOUIS,S,"W,F",1,"['W,M']"
140907,8,BOOK THE MOOR'S ACCOUNT,S,"W,F",1,"['M,F']"
140907,9,MUSIC RYAN ADAMS,S,"W,M",1,"['W,M']"
140906,0,NATO SUMMIT,S,"W,F",1,"['W,M']"
140906,1,ISIS AIRSTRIKES,S,"W,M",1,"['W,M']"
140906,2,SPORTS CHAT,S,"W,M",2,"['L,M', 'W,M']"
140906,3,NORTH KOREA REPORTING TRIP,S,"W,M",1,"['W,F']"
140906,4,OZY,S,"B,F",1,"['O,F']"
140906,5,MUSIC SHEILA E,S,"W,M",1,"['L,F']"
140906,6,BOOK DATACLYSM,S,"W,F",1,"['W,M']"
140906,7,REJECTED PRINCESSES,S,"A,F",1,"['W,M']"
140906,8,DOC ENEMY OF THE REICH,S,"B,F",1,"['W,M']"
140830,0,UKRAINE UPDATE,D,"M,F",3,"['W,M', 'W,M', 'O,F']"
140830,1,RUSSIA SANCTIONS,S,"W,M",2,"['W,M', 'W,M']"
140830,2,UK EMIGRANTS TO ISIS,S,"W,M",2,"['W,M', 'W,F']"
140830,3,HOMELESS,D,"W,F",3,"['W,F', 'W,M', 'O,F']"
140830,4,OZY,S,"B,F",1,"['A,F']"
140830,5,WILDLIFE DOCUMENTARIES,S,"W,F",2,"['W,M', 'W,M']"
140830,6,GO PRO FOR DOGS,S,"W,M",1,"['W,M']"
140830,7,BLACK ATHLETES ON FERGUSON,S,"B,F",1,"['B,M']"
140830,8,BOOK HISTORY OF ROCK AND ROLL,S,"W,F",1,"['W,M']"
140831,0,ISIS DEFEATED IN AMERLI,D,"W,M",0,[]
140831,1,KURDS AND PTSD,S,"W,M",1,"['W,F']"
140831,2,LADY AL QAEDA,S,"W,F",1,"['W,M']"
140831,3,GUANTANAMO LAWYER RESIGNS,S,"W,M",1,"['W,M']"
140831,4,TRICORDER COMPETITION,S,"B,F",1,"['O,M']"
140831,5,MBB AUCTIONEER,S,"W,M",1,"['W,M']"
140831,6,BOOK ISLAND OF A THOUSAND MIRRORS,S,"W,F",1,"['A,F']"
140831,7,BOSTON ACCENTS,D,"W,F",3,"['W,M', 'W,F', 'O,M']"
140831,8,MUSIC TY SEGALL,S,"W,F",1,"['W,M']"
140823,0,EBOLA PHOTOGRAPHER,S,"W,M",1,"['W,M']"
140823,1,FERGUSON GENERATION GAP,D,"W,M",4,"['B,M', 'B,M', 'B,M', 'B,M']"
140823,2,BLACK AUTISM POLICE TRAINING,S,"W,F",7,"['B,F', 'B,F', 'B,M', 'W,M', 'W,F', 'A,M', 'B,M']"
140823,3,OZY,S,"B,F",1,"['O,F']"
140823,4,ALONE IN THE WILDERNESS,S,"W,M",1,"['W,M']"
140823,5,TARGETING JOURNOS IN SYRIA,S,"W,M",1,"['W,M']"
140823,6,POPE ON MILITARY INTERVENTION,S,"W,M",1,"['W,M']"
140823,7,BOOK HOW WE LEARN,S,"A,F",1,"['W,M']"
140823,8,LOVE IS STRANGE,D,"W,M",0,[]
140823,9,MUSIC BRUCE HORNSBY,S,"W,M",1,"['W,M']"
140824,0,JOURNALIST FREED,D,"W,M",1,"['W,M']"
140824,1,EBOLA SPREADS,D,"B,F",4,"['B,M', 'B,M', 'B,F', 'B,M']"
140824,2,NAPA EARTHQUAKE,D,"W,M",3,"['W,M', 'L,M', 'W,M']"
140824,3,PART TIME WORKERS,S,"W,F",3,"['B,F', 'B,M', 'W,F']"
140824,4,MADDEN TATTOOS,S,"W,F",3,"['A,M', 'W,M', 'A,M']"
140824,5,LAST NEGRO LEAGUE UMP,S,"W,F",1,"['B,M']"
140824,6,AMISH EXPLOITATION,D,"W,F",2,"['W,F', 'W,M']"
140824,7,REALITY TV EFFECTS,S,"A,F",1,"['W,M']"
140824,8,CIVIL WAR CAMP,D,"W,M",8,"['W,M', 'W,M', 'W,M', 'W,M', 'W,M', 'B,F', 'W,F', 'W,M']"
140824,9,BOOK KINDA LIKE BROTHERS,S,"W,F",1,"['B,F']"
140816,0,MOSUL DAM,S,"W,F",1,"['W,M']"
140816,1,FERGUSON UPDATE,S,"W,F",2,"['W,M', 'B,F']"
140816,2,MCCASKILL ON FERGUSON,S,"W,M",1,"['W,F']"
140816,3,PERRY VETO INDICTMENT,S,"W,F",2,"['W,M', 'W,M']"
140816,4,FERGUSON PHOTOGRAPHER,S,"W,M",1,"['W,M']"
140816,5,EGYPT'S TIANANMEN,S,"W,M",1,"['W,M']"
140816,6,TATE ROBOTS,S,"B,F",2,"['W,M', 'W,M']"
140816,7,OZY,S,"B,F",1,"['O,F']"
140816,8,MONE DAVIS,D,"W,F",4,"['O,M', 'B,M', 'B,F', 'B,M']"
140816,9,MBB AUDI ENGINEER,S,"W,M",1,"['A,F']"
140816,10,MUSIC BENJAMIN BOOKER,S,"W,M",1,"['B,M']"
140817,0,6,D,"A,F",6,"['B,M', 'W,M', 'W,M', 'B,F', 'W,M', 'B,F']"
140817,1,WASH U REPORT,S,"B,F",1,"['B,M']"
140817,2,EASTERN UKRAINE FIGHTING,S,"W,M",1,"['M,F']"
140817,3,LINCOLN YAZIDI COMMUNITY,S,"W,M",1,"['M,M']"
140817,4,NEW ORLEANS COPS,S,"W,F",5,"['B,F', 'W,M', 'W,M', 'W,M', 'B,M']"
140817,5,REVEL CASINO SHUTS DOWN,S,"W,M",2,"['W,M', 'W,M']"
140817,6,GRACELAND TOO,D,"W,M",9,"['W,F', 'W,F', 'W,M', 'O,M', 'W,M', 'O,M', 'W,M', 'W,M', 'O,F']"
140817,7,TV WIZARD WARS,S,"W,M",1,"['W,F']"
140817,8,BOOK WORKING STIFF,S,"W,F",1,"['W,F']"
140817,9,MUSIC WEEN,D,"W,F",3,"['W,M', 'W,M', 'W,M']"
140809,0,US AID TO YAZIDIS,S,"W,M",2,"['B,M', 'W,M']"
140809,1,ISIS BAGHDAD UPDATE,S,"W,F",1,"['M,M']"
140809,2,PRESIDENTS ON IRAQ,S,"W,M",4,"['W,M', 'W,M', 'W,M', 'B,M']"
140809,3,GAZA TUNNELS,D,"W,F",3,"['M,F', 'W,M', 'O,M']"
140809,4,ISRAEL GAZA SANCTIONS,S,"W,F",1,"['L,M']"
140809,5,BASS PUMPS YOU UP,S,"W,F",1,"['W,M']"
140809,6,OZY,S,"B,F",1,"['A,F']"
140809,7,BOOK BUILDING A BETTER TEACHER,S,"A,F",1,"['W,F']"
140809,8,CAGEFREE ZOO,S,"B,F",1,"['W,M']"
140809,9,MUSIC BETTO ARCOS,S,"W,M",1,"['L,M']"
140810,0,LIBYA UPDATE,S,"W,M",1,"['B,M']"
140810,1,EBOLA DOC OBIT,D,"B,F",6,"['B,M', 'B,F', 'B,F', 'B,M', 'B,M', 'B,M']"
140810,2,PHILADELPHIA POLICE CORRUPTION,S,"W,M",2,"['W,M', 'W,M']"
140810,3,ESCAPE CLASS,D,"W,M",5,"['W,M', 'W,M', 'L,F', 'O,M', 'W,M']"
140810,4,HEROIN RECOVERY COACH,D,"W,F",3,"['W,M', 'W,M', 'W,M']"
140810,5,SOUTH KOREAN ROYALS FAN,S,"W,F",2,"['A,M', 'W,M']"
140810,6,RURAL PLUMBER NEEDED,S,"B,F",2,"['W,M', 'W,F']"
140810,7,DIPLOMA FINALLY GRANTED,D,"B,F",2,"['B,M', 'W,M']"
140810,8,AIRSTREAMS,S,"W,M",4,"['W,M', 'W,M', 'W,F', 'W,M']"
140810,9,MUSIC FARMER JOHN,S,"W,F",2,"['L,M', 'W,M']"
140802,0,EBOLA UPDATE,S,"W,F",1,"['B,F']"
140802,1,MSF NURSE,S,"A,F",1,"['O,F']"
140802,2,CONGRESS IN RECESS,S,"W,M",1,"['W,M']"
140802,3,STOCKS TAKE A DIVE,S,"W,F",1,"['W,F']"
140802,4,DOLLAR TREE VS WALL STREET,S,"W,F",3,"['B,F', 'W,M', 'W,F']"
140802,5,UGANDA LGBT ACTIVIST,S,"W,M",1,"['B,M']"
140802,6,OZY,S,"B,F",1,"['B,M']"
140802,7,BLACK HALL OF FAMERS,S,"W,M",1,"['B,M']"
140802,8,NBA LADY COACH,S,"L,F",1,"['A,F']"
140802,9,MUSIC NAOMI SHELTON,S,"W,M",1,"['B,F']"
140802,10,ODD JOBS MAIL DELIVERY,D,"W,F",4,"['W,M', 'W,M', 'W,M', 'O,M']"
140803,0,GAZA UPDATE,D,"W,F",3,"['M,M', 'M,M', 'M,M']"
140803,1,IRSAELI AMBASSADOR,S,"W,M",1,"['W,M']"
140803,2,ALGAE BLOOM,D,"W,F",5,"['B,M', 'W,M', 'O,F', 'W,M', 'O,M']"
140803,3,COMMON CORE IN CLASSROOM,D,"A,M",2,"['O,F', 'W,M']"
140803,4,COMMON CORE 2WAY,S,"W,M",1,"['W,M']"
140803,5,COMPLAINT LETTERS,S,"W,M",1,"['W,M']"
140803,6,MBB DANNY TREJO,S,"W,M",1,"['L,M']"
140803,7,OPERA LOCKOUT UPDATE,D,"B,M",2,"['W,M', 'W,M']"
140803,8,BOOK WHY EDUCATION MATTERS,S,"W,F",1,"['W,M']"
140803,9,BYE KIDDIE PARK,D,"W,F",4,"['O,M', 'O,F', 'O,M', 'W,M']"
140803,10,MUSIC GOT A GIRL,S,"W,M",2,"['A,M', 'W,F']"
140727,0,FIGHTING RESUMES IN GAZA,D,"W,F",3,"['W,M', 'M,M', 'M,M']"
140727,1,GAZA DIFFERENCES,S,"W,M",1,"['W,F']"
140727,2,HARRIER JUMP JETS,S,"W,M",1,"['W,M']"
140727,3,ISIS IN IRAQ,S,"W,F",1,"['W,F']"
140727,4,EAST BAY SCHOOL FOR BOYS,S,"W,M",4,"['W,F', 'W,M', 'A,M', 'W,M']"
140727,5,MUSIC FINK,S,"B,F",1,"['W,M']"
140727,6,CORINTHIAN COLLEGES,S,"W,M",1,"['B,M']"
140727,7,LUCY BRAIN MYTH,S,"W,M",2,"['W,M', 'W,F']"
140727,8,HOMELESS SIGNS,S,"W,M",1,"['W,M']"
140727,9,BOOK LAND OF LOVE AND DROWNING,S,"W,F",1,"['B,F']"
140726,0,FIGHTING RESUMES IN GAZA,D,"W,F",3,"['M,F', 'M,F', 'M,M']"
140726,1,SYRIA UPDATE,S,"W,M",1,"['M,F']"
140726,2,AIRLINE INDUSTRY CONFLICT ZONES,S,"A,F",1,"['W,M']"
140726,3,OZY,S,"B,F",1,"['A,F']"
140726,4,LIFETIME DIVERSITY,S,"B,F",3,"['W,M', 'B,F', 'B,F']"
140726,5,MUSIC ERIC CLAPTON,S,"W,M",1,"['W,M']"
140726,6,MBB POST IT NOTE,S,"W,M",2,"['W,M', 'W,M']"
140726,7,BOOK ESSENTIALISM,S,"A,F",1,"['W,M']"
140726,8,MOVIE MOST WANTED MAN,S,"B,F",1,"['W,M']"
140720,0,ISRAEL GAZA CASUALTIES CLIB,S,"W,F",1,"['W,M']"
140720,1,UKRAINE PLANE CRASH,S,"W,M",2,"['W,M', 'W,F']"
140720,2,TROUBLE FOR BROWNBACK,S,"W,F",2,"['W,M', 'W,M']"
140720,3,DROUGHT UPDATE,S,"W,M",1,"['W,F']"
140720,4,SAM'S DROUGHT POLICE STORY,D,"B,M",2,"['W,M', 'L,M']"
140720,5,MICHOACAN MIGRANT,D,"W,M",3,"['L,M', 'L,F', 'L,M']"
140720,6,LIONFISH DISCOVERY,S,"W,F",2,"['W,F', 'W,M']"
140720,7,MBB SHAUN T,S,"B,F",1,"['B,M']"
140720,8,MUSIC SHABAZZ PALACES,S,"W,M",1,"['B,M']"
140719,0,UKRAINE PLANE CRASH,S,"W,M",2,"['W,M', 'W,M']"
140719,1,AIDS RESEARCHERS,S,"W,F",1,"['W,F']"
140719,2,ISRAEL GAZA SOCIAL MEDIA,D,"W,M",4,"['M,M', 'M,M', 'M,F', 'W,F']"
140719,3,ILLEGAL IMMIGRANTS IN LA,S,"W,M",3,"['L,M', 'L,F', 'L,F']"
140719,4,BUSINESS OF COMIC CON,D,"W,M",5,"['W,M', 'W,M', 'W,M', 'W,F', 'W,M']"
140719,5,MUSIC JENNY LEWIS,S,"W,M",1,"['W,F']"
140719,6,BOOK MOCKINGBIRD MEMOIR,S,"W,F",1,"['W,F']"
140719,7,JAMBO RADIO,D,"W,M",2,"['B,M', 'B,F']"
140719,8,TIM BOMBA PROFILE,S,"W,F",1,"['W,M']"
140713,0,KURDS VS IRAQ IN BAGHDAD,S,"W,F",1,"['M,F']"
140713,1,VENICE INEQUALITY,S,"W,F",4,"['W,F', 'W,M', 'B,F', 'W,M']"
140713,2,WORLD CUP FINAL,S,"W,F",1,"['W,M']"
140713,3,GAZA PASSPORTS,D,"W,M",2,"['O,F', 'W,M']"
140713,4,KARYN PARSONS,S,"B,F",1,"['B,F']"
140713,5,DISNEY DEAD MOMS,S,"W,M",1,"['W,F']"
140713,6,PLUTO SAVE THE DATE,S,"B,F",1,"['W,M']"
140713,7,HEARING AID EVOLUTION,S,"W,F",1,"['W,F']"
140713,8,BOOK LAST STORIES AND OTHER STORIES,S,"W,F",1,"['W,M']"
140713,9,MOVIES OF 1994,S,"W,F",1,"['B,M']"
140713,10,LORIN MAAZEL OBIT,S,"W,M",1,"['W,M']"
140712,0,UN SECURITY COUNCIL,S,"W,F",1,"['W,M']"
140712,1,HAMAS ROCKETS,S,"W,M",1,"['W,F']"
140712,2,GORED BY THE BULLS,S,"W,M",1,"['W,M']"
140712,3,LA PORT STRIKE,S,"W,M",1,"['W,M']"
140712,4,COLORADO RIVER UNDAMMED,S,"W,F",1,"['W,M']"
140712,5,LEBRON RETURNS TO CLEVELAND,D,"W,M",5,"['O,M', 'W,M', 'O,F', 'W,M', 'B,M']"
140712,6,BOOK FIGHTSHARK,S,"W,F",1,"['W,M']"
140712,7,NATURAL INSEMINATION,S,"W,F",4,"['A,F', 'W,M', 'W,F', 'W,F']"
140712,8,MUSIC CHRISSIE HYNDE,S,"W,M",1,"['W,F']"
140712,9,TOMMY RAMONE OBIT,S,"W,M",1,"['W,M']"
140705,0,ISIS LEADER VIDEO,D,"W,F",1,"['O,M']"
140705,1,UNACCOMPANIED MINORS,S,"W,M",1,"['L,M']"
140705,2,ICE CITIES,D,"W,F",5,"['L,F', 'L,F', 'W,M', 'W,M', 'O,M']"
140705,3,CAREGIVING PARENTS,D,"W,F",3,"['A,M', 'O,F', 'O,F']"
140705,4,CAREGIVING FOLO,S,"A,F",2,"['W,M', 'W,F']"
140705,5,BRAZIL STAR INJURED,D,"W,M",3,"['L,F', 'L,M', 'L,M']"
140705,6,WIMBLEDON HAWK,S,"W,M",1,"['W,F']"
140705,7,SOUND OF TEMPERATURE,S,"W,F",0,[]
140705,8,OZY,S,"B,F",1,"['B,M']"
140705,9,BOOK ECHO'S BONES,S,"W,F",1,"['W,M']"
140705,10,MUSIC NRBQ,S,"W,M",1,"['W,M']"
140706,0,ISRAEL TEENAGERS,S,"W,F",3,"['W,M', 'M,M', 'M,F']"
140706,1,PROMISE ZONES,S,"B,F",4,"['B,M', 'L,M', 'W,M', 'W,F']"
140706,2,QUEBEC RAILROAD EXPLOSION ANNIVERSARY,D,"W,M",3,"['O,F', 'W,M', 'W,M']"
140706,3,DOC INTERNET'S OWN BOY,S,"W,M",1,"['W,M']"
140706,4,MBB RESTORATIVE JUSTICE,S,"W,M",1,"['W,F']"
140706,5,SOUND OF TEMPERATURE RESULTS,S,"W,F",0,[]
140706,6,BOOK I SAID YES TO EVERYTHING,S,"W,F",1,"['W,F']"
140706,7,MUSIC ECHO & THE BUNNYMEN,S,"W,F",1,"['W,M']"
140629,0,MOSUL VET,S,"W,F",1,"['W,M']"
140629,1,NO FLY PLAINTIFF,S,"W,M",1,"['M,M']"
140629,2,TIPPED WAGES,S,"W,M",6,"['A,F', 'W,M', 'L,M', 'M,M', 'W,F', 'W,F']"
140629,3,WAGE THEFT,S,"L,F",1,"['W,F']"
140629,4,OPTIMUS PRIME VOICE,S,"W,M",1,"['W,M']"
140629,5,1994 COLOMBIA WORLD CUP,S,"W,F",1,"['L,M']"
140629,6,SNOWPIERCER,D,"W,F",2,"['A,M', 'W,M']"
140629,7,BOOK UNRULY,S,"W,F",1,"['B,M']"
140628,0,BENGHAZI SUSPECT,S,"W,F",1,"['W,F']"
140628,1,BAGHDAD CAUGHT IN ISIS,S,"W,M",1,"['W,F']"
140628,2,ISIS NORTHERN IRAQ,S,"W,F",1,"['M,M']"
140628,3,VIOLENCE VS NARRATIVE VIDEO GAMES,S,"W,F",1,"['W,M']"
140628,4,ELECTRIC HARLEYS,D,"W,M",6,"['W,M', 'W,M', 'W,M', 'W,M', 'O,M', 'O,M']"
140628,5,JOHN FORCE PROFILE,S,"W,M",3,"['W,M', 'W,F', 'L,M']"
140628,6,OZY,S,"B,F",1,"['B,M']"
140628,7,BOOK EVERYTHING I NEVER TOLD YOU,S,"W,F",1,"['A,F']"
140628,8,MUSIC ANI CORDERO,S,"W,M",1,"['L,F']"
141116,0,MINORS & SEXUAL CONSENT,S,"W,M",3,"['W,F', 'W,F', 'B,M']"
141116,1,UNPUBLISHED STEINBECK STORY,S,"B,F",1,"['W,M']"
141116,2,ISIS BEHEADING VIDEO,D,"W,F",1,"['M,M']"
141116,3,ISIS AND RELIGIOUS LANGUAGE,S,"W,F",1,"['M,M']"
141116,4,WOMEN IN WEARABLES,S,"W,F",1,"['W,F']"
141116,5,MUSIC BRIAN FERRY,S,"W,M",1,"['W,M']"
141116,6,LAKERS EN ESPANOL,S,"W,F",3,"['L,M', 'L,F', 'L,M']"
141116,7,AMPUTEE BOXING,D,"W,M",4,"['L,M', 'O,M', 'W,M', 'W,M']"
141116,8,BOOK THE UNSPEAKABLE,S,"W,F",1,"['W,F']"
141116,9,LARSON OBIT,S,"A,F",1,"['W,F']"
141115,0,HEALTH CARE OPEN ENROLLMENT,S,"W,M",3,"['W,F', 'W,M', 'L,M']"
141115,1,MAYDAY PAC POST MORTEM,S,"W,M",1,"['W,M']"
141115,2,BOOK @WAR,S,"W,F",1,"['W,M']"
141115,3,MEXICO DISAPPEARED STUDENTS,S,"W,M",1,"['L,M']"
141115,4,MUSIC MELVIN VAN PEEBLES & HELIOCENTRICS,S,"W,M",2,"['B,M', 'O,M']"
141115,5,DELINQUENT FINES STORY 4,D,"W,M",7,"['W,F', 'W,M', 'W,M', 'O,M', 'O,M', 'O,M', 'W,M']"
141115,6,INDIAN DANCER WITH DOWN SYNDROME,D,"A,M",3,"['A,F', 'A,F', 'A,M']"
141115,7,MBB KARYN PARSONS,S,"B,F",1,"['B,F']"
140621,0,ISIS TACTICS,S,"W,F",2,"['B,M', 'W,F']"
140621,1,ISIS DIPLOMATIC FALLOUT,S,"W,F",1,"['M,M']"
140621,2,AFGHANISTAN LATEST,D,"W,M",3,"['M,M', 'W,M', 'M,M']"
140621,3,VIDEO GAME COVER STORY,S,"W,F",5,"['W,M', 'M,F', 'W,M', 'W,F', 'W,M']"
140621,4,OZY,S,"B,F",1,"['B,M']"
140621,5,MOVIE MISS LOVELY,S,"B,F",1,"['A,M']"
140621,6,MANAUS STADIUM,D,"W,M",3,"['L,M', 'L,M', 'L,M']"
140621,7,MBB MICHAEL K WILLIAMS,S,"W,M",1,"['B,M']"
140621,8,MUSIC BOBBY HUTCHERSON,S,"W,M",1,"['B,M']"
140622,0,OBAMA AND USE OF MILITARY FORCE,D,"W,M",6,"['B,M', 'W,F', 'L,M', 'W,M', 'W,M', 'W,M']"
140622,1,EASTERN UKRAINE LATEST WATC,S,"W,M",1,"['W,M']"
140622,2,GEORGIA GUN LAW CONFUSION,D,"W,F",6,"['W,M', 'W,F', 'W,F', 'W,M', 'A,M', 'W,M']"
140622,3,GUANTANAMO CHECKIN,S,"W,M",1,"['W,F']"
140622,4,WORLD CUP SOCCER CLEATS,S,"W,M",2,"['L,M', 'W,M']"
140622,5,BARD PRISON GRADS,D,"W,F",5,"['B,M', 'B,F', 'W,M', 'W,M', 'B,F']"
140622,6,MOVIE CODE BLACK,S,"W,M",1,"['W,M']"
140622,7,BOOK A LONG WAY HOME,S,"W,F",1,"['A,M']"
140622,8,MUSIC PHISH,S,"W,M",1,"['W,M']"
140615,0,RISING COST OF RENTING,S,"W,F",2,"['L,F', 'W,M']"
140615,1,BERGMAN RENTAL PIECE,D,"W,M",3,"['W,F', 'W,M', 'L,M']"
140615,2,IRAQ UPDATE,S,"W,M",1,"['M,F']"
140615,3,LA FATHERS PRORAM,S,"B,F",6,"['O,M', 'W,M', 'L,M', 'L,M', 'O,M', 'B,M']"
140615,4,ENCORE KASEM CASEY,D,"M,M",2,"['M,M', 'W,M']"
140615,5,GHANA USA SETUP,S,"W,M",1,"['W,M']"
140615,6,BRAZIL SOCCER STAR POLITICS,S,"W,F",1,"['W,M']"
140615,7,MUSIC WILLIE NELSON,S,"W,M",1,"['W,M']"
140614,0,IRAQ MILITARY MELTDOWN,S,"W,F",1,"['W,M']"
140614,1,US IRAQ POLITICS,S,"W,F",2,"['B,M', 'W,F']"
140614,2,RISE OF MIDEAST STRONGMEN,S,"W,F",1,"['M,M']"
140614,3,BUNDY UPDATE,S,"W,M",2,"['W,M', 'W,M']"
140614,4,MENTALLY ILL AND POLICE,S,"W,M",1,"['W,M']"
140614,5,BEYOND THE TURING TEST,S,"B,F",1,"['W,M']"
140614,6,OZY,S,"B,F",1,"['B,M']"
140614,7,BOOK BRUTAL YOUTH,S,"W,M",1,"['W,M']"
140614,8,MUSIC KAREN KILGARIFF,S,"W,M",1,"['W,F']"
140608,0,FIXING THE VA,S,"W,M",2,"['W,M', 'W,M']"
140608,1,CHILDREN OF THE IMPRISONED,S,"B,F",2,"['B,F', 'W,M']"
140608,2,VENEZEULA BLACK MARKET,D,"W,M",3,"['L,M', 'L,M', 'L,M']"
140608,3,ROBOTIC EXOSKELETON,D,"L,F",1,"['L,M']"
140608,4,TOMMY JOHN SURGERY,S,"W,F",1,"['W,M']"
140608,5,DOCUMENTING DYING CHILDREN,D,"W,M",4,"['L,F', 'W,F', 'L,M', 'W,F']"
140608,6,ZOMBIES 101,D,"W,F",3,"['W,F', 'W,M', 'W,F']"
140608,7,BOOK BOY AND HIS JAGUAR,S,"W,F",1,"['W,M']"
140608,8,MUSIC TOM CHANG,S,"W,M",1,"['A,M']"
140607,0,OBAMA POLITICS,S,"W,M",2,"['B,M', 'W,F']"
140607,1,POW NEGOTIATION HISTORY,S,"W,M",1,"['W,M']"
140607,2,STRENGTH OF AL QAEDA,S,"W,M",1,"['W,M']"
140607,3,MORMON LANGUAGE SCHOOL,S,"W,F",7,"['W,F', 'W,M', 'W,M', 'W,F', 'W,F', 'W,F', 'W,M']"
140607,4,GAME ADDICTION SCIENCE,S,"W,M",1,"['W,F']"
140607,5,BUTLERS,S,"W,F",1,"['W,M']"
140607,6,NEW AND THE NEXT,S,"B,F",1,"['B,M']"
140607,7,BOOK TAKE THIS MAN,S,"W,F",1,"['L,M']"
140607,8,MUSIC BETTO ARCOS,S,"W,M",1,"['L,M']"
140531,0,AMERICAN POW RELEASED,S,"W,M",3,"['B,M', 'W,F', 'W,M']"
140531,1,AFGHANISTAN FOLO,S,"W,M",1,"['M,M']"
140531,2,SHINSEKI RESIGNATION FOLO,S,"W,M",2,"['B,M', 'W,M']"
140531,3,DRIVERLESS CAR DESIGN,S,"W,F",1,"['W,M']"
140531,4,MISSIONLESS WEAPON,S,"W,F",1,"['W,M']"
140531,5,RISE OF SADVERTISING,S,"W,F",1,"['W,F']"
140531,6,MBB DEAN DILLON,S,"W,M",1,"['W,M']"
140531,7,DOC KORENGAL,S,"B,F",1,"['W,M']"
140531,8,NEW AND NEXT,S,"B,F",1,"['B,M']"
140531,9,ACTRESS OF A CERTAIN AGE,D,"L,F",2,"['W,F', 'W,F']"
140601,0,BERGDAHL HOMETOWN REAX,S,"W,M",2,"['W,F', 'W,F']"
140601,1,FIVE TALIBAN PRISONERS,S,"W,M",1,"['W,M']"
140601,2,EGYPT ELECTION,S,"W,M",1,"['M,F']"
140601,3,STRAY BULLETS,S,"W,M",5,"['B,M', 'L,F', 'L,M', 'W,M', 'B,F']"
140601,4,TV FARGO'S DEAF ACTOR,S,"W,F",2,"['W,M', 'W,M']"
140601,5,BOOK REMEMBER ME LIKE THIS,S,"B,F",1,"['W,M']"
140601,6,MUST READ CAROUSEL,D,"W,F",1,"['W,F']"
140601,7,MUSIC MESHELL NDEGEOCELLO,S,"W,M",1,"['B,F']"
140525,0,SANTA BARBARA SHOOTING LATEST,S,"W,F",3,"['W,M', 'B,M', 'W,M']"
140525,1,UKRAINE ELECTION,D,"W,M",4,"['O,M', 'W,M', 'W,F', 'O,F']"
140525,2,IRAN HUMAN RIGHTS,S,"W,M",1,"['M,M']"
140525,3,POTUS IN AFGHANISTAN,S,"W,F",2,"['B,M', 'W,M']"
140525,4,THE DARKNET,S,"B,F",2,"['W,F', 'W,F']"
140525,5,JEFF GOLDBLUM'S JAZZ SHOW,S,"W,M",6,"['W,M', 'W,M', 'W,M', 'W,M', 'O,M', 'W,F']"
140525,6,BOOK ALL THE LIGHT WE CANNOT SEE,S,"W,F",1,"['W,M']"
140525,7,BOOK MUSIC BERT BERNS,S,"W,M",1,"['W,M']"
140524,0,G&C ELECTRONIC MONITORING,D,"W,M",3,"['W,M', 'W,M', 'W,M']"
140524,1,SANTA BARBARA SHOOTING,S,"W,M",1,"['W,M']"
140524,2,WHERE DO THE FINES GO? ,S,"W,F",1,"['W,F']"
140524,3,HOMELESS TEEN IN RURAL NYS,D,"W,F",4,"['W,F', 'W,M', 'W,F', 'W,F']"
140524,4,SPORTS CHAT,S,"W,M",2,"['L,M', 'B,M']"
140524,5,NEW AND NEXT,S,"B,F",1,"['B,M']"
140524,6,UNMASKING THE GIMP,S,"W,M",1,"['W,M']"
140524,7,MUSIC ENNIO MORRICONE,S,"W,F",1,"['W,M']"
140518,0,INDIA ELEX FOLO,S,"W,F",1,"['W,F']"
140518,1,KENYA UPDATE,S,"W,F",1,"['W,M']"
140518,2,MERS OUTBREAKS,S,"W,F",1,"['W,M']"
140518,3,ENCORE FIRST AMERICAN TEENAGER,D,"W,M",2,"['W,M', 'W,F']"
140518,4,PEST FIGHTING INSECTS,S,"W,M",3,"['W,M', 'L,M', 'W,M']"
140518,5,SOFTBALL MASKS,D,"W,F",5,"['O,F', 'O,F', 'W,F', 'O,M', 'W,M']"
140518,6,BOOK FRIDAY WAS THE BOMB,S,"W,F",1,"['W,M']"
140518,7,MBB TERRY BORING,S,"W,M",1,"['W,M']"
140518,8,DESIGNING GODZILLA'S ROAR,S,"W,M",2,"['W,M', 'W,M']"
140518,9,MUSIC HANK WILLIAMS LOST RECORDING,S,"W,M",2,"['W,M', 'W,F']"
140517,0,10 YEARS OF GAY MARRIAGE,S,"W,F",3,"['W,F', 'W,F', 'W,M']"
140517,1,BAPTIST CHURCH GAY MARRIAGE,D,"W,M",7,"['B,M', 'W,M', 'W,M', 'W,M', 'W,M', 'W,F', 'B,F']"
140517,2,VA SCANDAL FOLO,S,"W,M",1,"['W,M']"
140517,3,BOOK CLASH OF THE FINANCIAL PUNDITS,S,"W,F",1,"['W,M']"
140517,4,DRINKABLE BOOK,S,"B,F",1,"['W,F']"
140517,5,NEW AND NEXT,S,"B,F",1,"['B,M']"
140517,6,MUSIC MICHAEL JACKSON POSTHUMOUS ALBUM,S,"W,M",1,"['W,F']"
140517,7,TV BOOK MANHOOD,S,"W,M",1,"['B,M']"
140511,0,MILITARY PT 2: MEDICAL CAREERS,S,"W,F",4,"['B,M', 'W,M', 'W,M', 'W,M']"
140511,1,UKRAINE REFERENDUM,D,"M,F",4,"['O,F', 'O,M', 'O,M', 'O,F']"
140511,2,MAINE EBT CARD FLAP,D,"O,M",4,"['W,M', 'W,F', 'W,F', 'W,F']"
140511,3,UGANDAN GAY RIGHTS ACTIVIST,S,"W,M",1,"['B,M']"
140511,4,DOC STANDUP PLANET,S,"B,F",5,"['B,M', 'A,M', 'A,M', 'A,F', 'B,M']"
140511,5,BOOK CREATIVITY,S,"B,F",1,"['W,M']"
140511,6,MUSIC RODRIGO Y GABRIELA,S,"W,M",2,"['L,M', 'L,F']"
140510,0,ANTI DOPING COVER STORY,S,"W,M",4,"['W,M', 'W,M', 'W,M', 'W,M']"
140510,1,THE VIEW FROM HOMS,S,"W,M",1,"['M,M']"
140510,2,SOUTH CHINA SEA UPDATE,S,"W,F",1,"['W,M']"
140510,3,YOUTH FOOTBALL ANTI CONCUSSION,D,"W,F",4,"['B,M', 'W,M', 'W,M', 'B,F']"
140510,4,GOLDEN SPIKE DESCENDANTS,D,"A,M",6,"['A,F', 'A,F', 'A,M', 'A,M', 'A,F', 'A,F']"
140510,5,THE NEW AND THE NEXT,S,"B,F",1,"['B,M']"
140510,6,MBB LEAH WARSHAWSKI,S,"W,M",1,"['W,F']"
140510,7,MUSIC ATMOSPHERE,S,"W,F",1,"['B,M']"
141122,0,FERGUSON SATURDAY,D,"W,M",3,"['B,M', 'B,M', 'W,M']"
141122,1,LAS VEGAS OPPOSITION,D,"W,M",5,"['O,M', 'O,F', 'L,M', 'B,M', 'L,M']"
141122,2,IMMIGRANT REAX,S,"W,M",1,"['L,F']"
141122,3,HRW ON MEXICO,S,"W,M",1,"['W,M']"
141122,4,BORDER PHOTOS,S,"W,M",2,"['W,M', 'L,M']"
141122,5,BARBIE COMPUTER ENGINEER,S,"B,F",3,"['W,F', 'W,F', 'W,F']"
141122,6,ISIS FLAG,S,"W,F",1,"['W,M']"
141122,7,HARVARD MBA SURVEY,S,"W,F",2,"['W,F', 'W,F']"
141122,8,SHE RIDES WOMEN TAXIS,S,"A,F",1,"['L,F']"
141122,9,MUSIC JEFF BRIDGES & THE ABIDERS,S,"W,M",4,"['W,M', 'W,M', 'W,M', 'W,M']"
141123,0,RACIAL DISPARITIES IN ARRESTS,S,"W,M",1,"['W,M']"
141123,1,MARION BARRY OBIT,S,"W,M",1,"['B,M']"
141123,2,FOOTBALL HELMET MAGNETS,S,"W,M",1,"['W,M']"
141123,3,THE GATEKEEPER,D,"W,F",1,"['W,F']"
141123,4,EBOLA THEN AND NOW,S,"W,M",2,"['W,M', 'W,M']"
141123,5,TV HBO GETTING ON,S,"B,F",1,"['B,F']"
141123,6,MBB TONY LITTLE,S,"W,M",1,"['W,M']"
141123,7,SEGMENTED SLEEP,S,"W,F",1,"['W,F']"
141123,8,MOVIE PENGUINS OF MADAGASCAR,S,"B,F",1,"['W,M']"
141123,9,MUSIC THE THOMPSON FAMILY,S,"W,M",2,"['W,M', 'W,M']"
140504,0,OBAMA CHECK IN,S,"W,M",2,"['B,M', 'W,F']"
140504,1,CA DROUGHT WILDFIRES,S,"W,M",5,"['W,M', 'W,M', 'W,M', 'W,M', 'W,F']"
140504,2,GRAD STUDENTS ORGANIZING,D,"W,F",5,"['W,M', 'W,M', 'W,F', 'W,M', 'W,F']"
140504,3,SEARCH AND RESCUE,S,"B,F",2,"['W,M', 'W,M']"
140504,4,WARMING ARCTIC BUSINESS,S,"W,F",1,"['W,M']"
140504,5,MICHAEL SAM'S DRAFTABILITY,S,"W,M",3,"['W,M', 'B,M', 'B,M']"
140504,6,RANCH TO TABLE,D,"W,M",4,"['W,M', 'W,M', 'W,F', 'W,M']"
140504,7,MUSIC ELLIOT GOLDENTHAL,S,"W,M",1,"['W,M']"
140504,8,MBB KURT BRAUNOHLER,S,"W,M",1,"['W,M']"
140503,0,JOB TRAINING PROGRAMS,S,"W,F",5,"['L,M', 'L,M', 'B,M', 'W,M', 'B,F']"
140503,1,LETHAL INJECTION DRUGS,S,"W,F",1,"['W,M']"
140503,2,CLIPPERS TURNABOUT,D,"W,M",7,"['B,M', 'B,F', 'B,M', 'W,M', 'W,M', 'B,M', 'W,F']"
140503,3,STERLING AND PHILANTHROPY,S,"W,M",1,"['W,F']"
140503,4,THE NEW AND THE NEXT,S,"B,F",1,"['B,M']"
140503,5,BOOK RELATIVELY INDOLENT BUT RELENTLESS,S,"W,F",1,"['W,M']"
140503,6,MUSIC SONNY ROLLINS,S,"W,M",1,"['B,M']"
140426,0,TULSA CAREER ADVANCE,D,"W,M",5,"['O,F', 'B,F', 'W,F', 'W,M', 'W,M']"
140426,1,DOJ AND CLEMENCY,S,"W,M",1,"['A,F']"
140426,2,NEW YORK SHERPAS,D,"A,M",5,"['A,M', 'A,M', 'A,M', 'W,M', 'W,M']"
140426,3,BOOK SERIOUSLY NOT ALL RIGHT,S,"W,F",1,"['W,M']"
140426,4,THE NEW AND THE NEXT,S,"B,F",1,"['B,M']"
140426,5,TEJU COLE REVIEW,D,"W,F",1,"['W,F']"
140426,6,MUSIC RENE MARIE,S,"W,M",1,"['B,F']"
140427,0,SYRIA FRONT LINES,S,"W,F",1,"['W,M']"
140427,1,SYRIA CHEMICAL WEAPONS,S,"W,F",1,"['W,F']"
140427,2,NIGERIA MISSING SCHOOLGIRLS,D,"B,F",3,"['B,F', 'B,M', 'B,M']"
140427,3,DONALD STERLING,D,"B,M",5,"['L,F', 'W,M', 'W,M', 'B,M', 'W,M']"
140427,4,SCHOOL INCLUSION,S,"W,F",5,"['W,M', 'W,M', 'W,M', 'W,M', 'W,M']"
140427,5,TWIN ASTRONAUTS,S,"W,F",2,"['W,M', 'W,M']"
140427,6,MBB SAMPSON DAVIS,S,"W,M",1,"['B,M']"
140427,7,KIDS TABLE: PICKY EATERS,S,"B,F",2,"['A,F', 'W,F']"
140427,8,MUSIC DYLAN'S GOSPEL,S,"W,M",2,"['W,M', 'B,F']"
140420,0,CA DROUGHT RIPPLE EFFECTS,S,"W,M",8,"['W,M', 'L,F', 'L,M', 'L,M', 'A,F', 'W,F', 'W,M', 'L,M']"
140420,1,KOREA FERRY SUNDAY,S,"W,F",1,"['W,M']"
140420,2,MARATHON COUPLE SERVICE DOG,D,"W,F",2,"['W,F', 'W,M']"
140420,3,FBI MOVIE,S,"W,M",1,"['W,M']"
140420,4,KIDS TABLE: SWEARING,S,"W,M",1,"['W,M']"
140420,5,MUSEUMS AND SCIENCE TEACHING,D,"W,F",5,"['W,M', 'W,M', 'W,F', 'L,F', 'W,F']"
140420,6,BOOK INFINITESIMAL,S,"W,F",1,"['W,M']"
140420,7,MUSIC JORDI SAVALL,S,"W,M",1,"['W,M']"
140419,0,MILITARY PT 1: NATIONAL TRAINING,S,"W,F",5,"['W,M', 'B,F', 'W,M', 'W,M', 'W,M']"
140419,1,UKRAINE STANDOFF,D,"W,F",4,"['O,F', 'O,M', 'O,M', 'O,M']"
140419,2,HEROIN ADDICT FRIENDSHIP,D,"W,F",2,"['W,M', 'W,F']"
140419,3,RUSSIA'S MILITARY CAPABILITIES,S,"W,M",1,"['W,M']"
140419,4,INDIA ELECTIONS,S,"W,M",1,"['W,F']"
140419,5,THE NEW AND THE NEXT,S,"B,F",1,"['B,M']"
140419,6,BOOK WORST PERSON EVER,S,"B,F",1,"['W,M']"
140419,7,MUSIC CHRISTINE JENSEN,S,"W,M",1,"['W,F']"
141129,0,TALIBAN SIEGE,S,"W,M",1,"['W,M']"
141129,1,MUBARAK TRIAL CHARGES DISMISSED,D,"M,F",5,"['M,M', 'M,M', 'M,M', 'M,M', 'M,M']"
141129,2,NEW BOOM GENERATION TWIN,S,"W,F",4,"['W,F', 'W,M', 'W,M', 'W,M']"
141129,3,BANALITY OF ISIS,S,"W,F",1,"['W,M']"
141129,4,CHESPIRITO OBIT,D,"W,M",1,"['L,M']"
141129,5,MOVIE IMITATION GAME,S,"B,F",1,"['W,M']"
141129,6,BANH MI HANDBOOK,D,"B,F",1,"['A,F']"
141129,7,TRANSGENDER COLLEGE POLICY,S,"A,F",1,"['A,M']"
141129,8,VINYL PRESSES,S,"A,F",4,"['W,M', 'W,M', 'M,M', 'L,F']"
141129,9,BOOK MUSIC ON THE ROAD WITH JANIS JOPLIN,S,"W,M",1,"['W,M']"
141130,0,DARREN WILSON RESIGNS,D,"B,M",4,"['W,M', 'W,M', 'B,M', 'B,M']"
141130,1,WHITE PERCEPTIONS OF BLACK PHYSICALITY,S,"A,F",1,"['W,F']"
141130,2,LETTING THE GUARD DOWN IN LIBERIA,D,"W,F",4,"['B,F', 'B,F', 'B,F', 'B,M']"
141130,3,RUSSIA PROTEST,D,"W,M",3,"['W,F', 'W,M', 'W,M']"
141130,4,BOOK THE GREAT REFORMER,S,"W,M",1,"['W,M']"
141130,5,BILLBOARD 200 CHANGE,S,"W,F",1,"['W,M']"
141130,6,SUPERFUND SITES,S,"W,F",1,"['W,M']"
141130,7,GASOLINE THEFT,S,"W,M",2,"['W,M', 'W,M']"
141130,8,BOOK MUSIC SHEILA JORDAN,S,"W,M",1,"['W,F']"
141130,9,3D PRINTING IN SPACE,S,"B,F",1,"['W,F']"
140412,0,UKRAINE AND RUSSIA,S,"W,F",2,"['W,M', 'W,F']"
140412,1,GOOGLE MAPS & CRIMEA,S,"W,F",1,"['W,M']"
140412,2,PASSWORD CHANGE PSA,S,"W,M",1,"['W,M']"
140412,3,SATURDAY SPORTS CHAT,S,"W,M",1,"['L,M']"
140412,4,GAY ATHLETE ORGANIZATION,S,"W,F",2,"['W,M', 'W,M']"
140412,5,KIDS TABLE FOOD ALLERGIES,S,"B,F",1,"['W,F']"
140412,6,NEW AND NEXT,S,"B,F",1,"['B,M']"
140412,7,MUSIC THE BOTH,S,"W,M",2,"['W,M', 'W,F']"
140413,0,UKRAINE ULTIMATUM,S,"W,F",1,"['W,M']"
140413,1,PAY SECRECY,S,"W,M",4,"['B,M', 'W,F', 'W,F', 'W,M']"
140413,2,SYRIA DROUGT AND FOOD,S,"W,M",1,"['W,F']"
140413,3,MARRIAGE PENALTY,D,"W,F",3,"['W,F', 'W,M', 'W,F']"
140413,4,BELL CORRUPTION SCANDAL,S,"W,M",1,"['L,M']"
140413,5,MBB AUTUMN ERHARD,S,"W,M",1,"['W,F']"
140413,6,COMMENCEMENT SPEECHES,S,"B,F",2,"['W,M', 'W,M']"
140413,7,BOOK THE OTHER SIDE OF PARADISE,S,"W,F",1,"['W,F']"
140413,8,MUSIC RUPA & THE APRIL FISHES,D,"L,F",6,"['A,F', 'A,M', 'W,M', 'L,M', 'W,M', 'W,M']"
140405,0,AFGHAN ELEX,S,"W,F",1,"['W,M']"
140405,1,MAIDAN CLEANUP,D,"W,M",3,"['W,M', 'W,M', 'W,F']"
140405,2,FT HOOD,S,"W,M",1,"['W,M']"
140405,3,HOUSING & INCOME INEQUALITY,S,"W,F",3,"['B,F', 'W,M', 'W,M']"
140405,4,ILLEGAL ANIMAL TRAFFICKING,S,"W,M",5,"['O,M', 'W,F', 'W,M', 'W,M', 'W,M']"
140405,5,KILLING OFF CHARACTERS,S,"B,F",1,"['W,F']"
140405,6,MBB KEN JEONG,S,"W,M",1,"['A,M']"
140405,7,MUSIC HAITI DIRECT,S,"W,M",2,"['W,M', 'B,M']"
140405,8,NEW AND NEXT,S,"B,F",1,"['B,M']"
140406,0,NON VACCINATORS,S,"W,F",8,"['W,M', 'A,M', 'W,M', 'W,F', 'W,M', 'W,M', 'W,F', 'W,M']"
140406,1,RWANDA ETO MASSACRE,D,"W,M",4,"['B,M', 'W,M', 'W,M', 'B,F']"
140406,2,RWANDAN GENOCIDE HUNTERSE,S,"W,M",1,"['B,F']"
140406,3,FBI RAIDS INDIAN ARTIFACTS COLLEGE,D,"W,F",3,"['W,F', 'W,M', 'W,M']"
140406,4,HUMBOLDT RADIO ADS,S,"W,F",1,"['W,M']"
140406,5,BOOK THE DIVIDE,S,"W,F",1,"['W,M']"
140406,6,WE ROBOT ROBOTICS AND THE LAW,S,"B,F",2,"['W,M', 'W,F']"
140406,7,MUSIC SQUAREPUSHER,S,"B,F",1,"['W,M']"
141206,0,NY FUNERAL PROTEST,D,"W,M",4,"['B,M', 'B,M', 'B,F', 'B,F']"
141206,1,DOJ CIVIL RIGHTS AND POLICE,S,"W,M",1,"['W,F']"
141206,2,ORION SPACECRAFT,S,"B,F",1,"['W,M']"
141206,3,ROLLING STONE APOLOGY REAX,S,"W,M",1,"['W,F']"
141206,4,SOCCER PLAYER'S SECOND CHANCE,D,"W,M",5,"['B,M', 'W,M', 'L,M', 'W,M', 'B,M']"
141206,5,CRAFT MOONSHINE,D,"W,M",4,"['W,M', 'W,F', 'W,M', 'W,F']"
141206,6,ALTAMONT ANNIV T&C,S,"W,M",2,"['W,M', 'O,F']"
141206,7,ENCORE MBB JUNE AMBROSE,S,"B,F",1,"['B,F']"
141206,8,US HOSTAGE KILLED,D,"W,M",5,"['W,M', 'W,M', 'M,M', 'M,M', 'W,F']"
141206,9,BOOK ESSAYS AFTER 80,S,"W,F",1,"['W,M']"
141206,10,BOOK MUSIC LET'S GO CRAZY,S,"W,F",1,"['W,M']"
141207,0,GUANTANAMO DETAINEE TRANSFER,S,"W,F",1,"['W,M']"
141207,1,DATA ON POLICE KILLINGS,S,"W,M",1,"['W,M']"
141207,2,BEIJING UNDERGROUND T&C,S,"W,M",2,"['A,F', 'A,F']"
141207,3,LOUISIANA RUNOFF,S,"W,F",1,"['B,F']"
141207,4,MRS QUAY'S LUNCH PLACE,D,"B,F",3,"['B,F', 'B,F', 'B,M']"
141207,5,MUSIC ESSAY A LOVE SUPREME AT 50,S,"W,M",0,[]
141207,6,CFB PLAYOFFS WHY NOT MORE,S,"W,F",3,"['W,M', 'W,M', 'W,F']"
141207,7,FERGUSON FORWARD,D,"L,F",5,"['W,M', 'W,M', 'B,M', 'B,M', 'B,F']"
141207,8,WOMEN IN MEANT,D,"B,F",4,"['W,F', 'W,F', 'W,F', 'W,F']"
141207,9,BOOK STORIES OF MY LIFE,S,"W,F",1,"['W,F']"
141213,0,DC PROTEST TWO WAY,S,"W,F",3,"['W,F', 'B,M', 'B,F']"
141213,1,KENOSHA POLICE SHOOTING,S,"W,M",2,"['W,M', 'W,F']"
141213,2,GITMO LAWYER,S,"W,M",1,"['W,M']"
141213,3,RIKERS MENTALLY ILL TRIAL,D,"W,F",2,"['O,M', 'W,M']"
141213,4,MOVIE INHERENT VICE,S,"B,F",1,"['W,M']"
141213,5,MBB RUBEN VIVES,S,"W,M",1,"['L,M']"
141213,6,PUTIN'S KLEPTOCRACY,S,"W,F",1,"['W,F']"
141213,7,ENCORE RUSSIA PUPPET CLOCK,D,"W,M",0,[]
141213,8,FUZZ BOX,D,"W,F",4,"['W,M', 'W,M', 'W,M', 'A,M']"
141213,9,MUSIC ROCK AND ROLL HALL OF FAME SNUBS,S,"W,M",0,[]
141214,0,SANDY HOOK LESSONS,D,"W,M",3,"['W,F', 'W,F', 'W,F']"
141214,1,CARBERRY EXIT INTERVIEW,S,"W,F",1,"['W,M']"
141214,2,URBAN COMBAT TRAINING,S,"W,F",1,"['W,M']"
141214,3,LA COUNTY MASS BURIAL,S,"W,M",5,"['B,M', 'W,M', 'W,M', 'W,F', 'W,F']"
141214,4,BOOK EL DEAFO,S,"W,F",1,"['W,F']"
141214,5,SEA OTTERS,D,"W,M",2,"['W,M', 'W,M']"
141214,6,PROFILING DATABASE,S,"B,F",1,"['B,M']"
141214,7,#BLACKMENDREAM,S,"B,F",1,"['B,M']"
141214,8,NFL RED ZONE,S,"W,F",2,"['W,M', 'W,M']"
141220,0,SONY HACK NORTH KOREAN COMMUNITY,S,"W,M",1,"['W,F']"
141220,1,HOLLYWOOD'S KOWTOWING HISTORY,S,"W,M",1,"['W,M']"
141220,2,PAKISTAN LATEST,S,"A,F",1,"['W,M']"
141220,3,SOUTH AMERICAN ABORTION CLINICS,S,"W,F",1,"['W,M']"
141220,4,MONTANA CASTLE DOCTRINE,D,"W,M",4,"['W,F', 'W,F', 'W,M', 'W,M']"
141220,5,INTO THE WOODS AND ANNIE,S,"B,F",2,"['W,F', 'W,M']"
141220,6,SOUND LINKED TO TASTE,S,"W,M",1,"['W,M']"
141220,7,CUBA UPDATE,S,"W,M",1,"['W,F']"
141220,8,CUBAN CIGAR MARKET,S,"W,F",1,"['W,M']"
141220,9,BOOK OF ALL THE GIN JOINTS,S,"W,M",1,"['W,M']"
141221,0,BROOKLYN POLICE KILLED LATEST,S,"W,M",1,"['W,M']"
141221,1,RUSSIA ECONOMY 2WAY,S,"W,M",1,"['W,M']"
141221,2,CHILDREN SEEK ASYLUM,S,"W,F",3,"['L,M', 'W,F', 'L,F']"
141221,3,A NEW REALITY FOR CUBAN AMERICANS,D,"W,M",4,"['L,F', 'L,M', 'L,M', 'L,M']"
141221,4,CUBA MUST READ,D,"W,F",1,"['L,M']"
141221,5,IGUALA DISAPPEARED STUDENTS,S,"W,F",1,"['W,M']"
141221,6,MBB EMILY BLUNT,S,"W,M",1,"['W,F']"
141221,7,WHITENESS PROJECT,D,"B,F",2,"['W,M', 'W,F']"
141221,8,RAMALLAH HANNUKAH US VISITOR,D,"W,F",1,"['W,F']"
141221,9,READING PA CHRISTMAS TREE,D,"W,M",5,"['L,M', 'W,M', 'W,F', 'L,F', 'O,F']"
141221,10,MUSIC ANTHONY HAMILTON,S,"W,M",1,"['B,M']"
141227,0,NY POLICE FUNERAL,D,"W,M",3,"['W,M', 'W,M', 'L,M']"
141227,1,HISTORY OF POLICE FUNERALS,D,"W,M",2,"['W,M', 'W,M']"
141227,2,CHECK IN CA DROUGHT,S,"W,M",1,"['W,M']"
141227,3,CHECK IN WV WATER,S,"W,M",3,"['W,F', 'A,M', 'W,M']"
141227,4,CHECK IN HEROIN IN PITTSBURGH,S,"W,M",2,"['W,M', 'W,M']"
141227,5,MARS CHECK IN,S,"B,F",1,"['W,F']"
141227,6,YEAR WITHOUT GOD CHECK IN,S,"B,F",1,"['W,M']"
141227,7,RURAL PLUMBER CHECK IN,S,"B,F",2,"['W,M', 'W,M']"
141227,8,SELMA,D,"B,F",3,"['B,M', 'B,M', 'B,F']"
141227,9,BOOK SIDEWALKS FACES IN THE CROWD,S,"W,F",1,"['L,F']"
141227,10,BOOK LADY PARTS,S,"W,F",1,"['W,F']"
141227,11,MUSIC JOHN MCNEIL,S,"W,M",1,"['W,M']"
141228,0,SIERRA LEONE EBOLA DOC,S,"W,F",1,"['W,M']"
141228,1,EBOLA MISSIONARIES,D,"W,M",3,"['W,M', 'W,M', 'W,M']"
141228,2,WORDS OF 2014,S,"B,F",1,"['W,M']"
141228,3,MARION DOWNS OBIT,S,"W,F",3,"['W,F', 'W,M', 'A,F']"
141228,4,KENT COCHRANE OBIT,S,"W,F",1,"['W,F']"
141228,5,THE LAST RADIUM GIRL,S,"W,F",2,"['W,F', 'W,F']"
141228,6,ALOHA DALIRE OBIT,S,"A,F",2,"['A,F', 'A,F']"
141228,7,SAUL ZAENTZ OBIT,S,"W,M",1,"['W,F']"
141228,8,LILY MCBETH OBIT,S,"A,F",1,"['W,F']"
141228,9,POTATO CHIP LADY,S,"W,F",2,"['W,M', 'W,F']"
141228,10,DRUNK BIRDS,S,"W,F",1,"['W,M']"
141228,11,BOOK SPRINGFIELD ROAD,S,"W,F",1,"['B,F']"
141228,12,MUSICIANS WE LOST,S,"W,M",0,[]
140329,0,IMMIGRATION T&C,S,"W,F",1,"['L,F']"
140329,1,LATINOS AND IMMIGRATION POLITICS,D,"L,M",3,"['W,M', 'L,M', 'W,M']"
140329,2,TIRED OF CHECKPOINTS,D,"W,M",2,"['W,M', 'L,F']"
140329,3,MUDSLIDE INSURANCE,S,"A,F",2,"['W,F', 'W,M']"
140329,4,WVA WATER UPDATE,D,"W,M",3,"['W,M', 'W,F', 'W,M']"
140329,5,WOMENS SPORTS AND POLITICS,D,"W,F",3,"['W,F', 'W,F', 'W,F']"
140329,6,CAMPAIGN B ROLL,S,"W,M",1,"['W,F']"
140329,7,NEW AND NEXT,S,"B,F",1,"['B,M']"
140329,8,MOVIE: NOAH,S,"B,F",1,"['W,M']"
140329,9,BEHIND THE SCENES: JG QUINTEL REGULAR SHOW,S,"W,M",3,"['W,M', 'L,M', 'W,F']"
140330,0,HEALTH CARE DEADLINE,S,"W,M",5,"['W,F', 'W,F', 'W,F', 'W,F', 'W,M']"
140330,1,HEALTH CARE DEADLINE PIECE,D,"W,F",1,"['W,M']"
140330,2,HIGH SKILLED VISA DEADLINE,S,"W,F",2,"['W,M', 'A,M']"
140330,3,3 PLUS PARENTS,D,"W,F",5,"['W,M', 'W,F', 'W,F', 'W,M', 'W,F']"
140330,4,KIDS TABLE BOOKS THAT WON'T BORE,S,"W,F",1,"['W,F']"
140330,5,BOOK THE CORPSE WASHER,S,"W,F",1,"['M,M']"
140330,6,MBB CESAR MILLAN,S,"W,M",1,"['L,M']"
140330,7,MUSIC BLACK LIPS,S,"W,M",2,"['W,M', 'W,M']"
150103,0,IRAQ ISIS 2015,D,"W,F",3,"['M,F', 'M,M', 'B,M']"
150103,1,MINIMUM WAGE INCREASES,S,"W,F",2,"['W,M', 'W,F']"
150103,2,STARTING OVER SANDWICH SHOP,D,"W,F",2,"['A,F', 'W,M']"
150103,3,TRANS SUICIDE,S,"W,F",1,"['W,F']"
150103,4,PALLIATIVE CARE DOC,D,"W,F",4,"['W,M', 'W,F', 'O,M', 'W,F']"
150103,5,LEVIATHAN,D,"M,M",2,"['W,M', 'W,M']"
150103,6,MBB MIREYA MAYOR,S,"W,M",1,"['L,F']"
150103,7,NEW GENERATION OF FARMERS,D,"W,F",5,"['L,F', 'W,M', 'W,M', 'W,M', 'W,F']"
150103,8,CEREAL NOSTALGIA,S,"W,F",1,"['W,M']"
150103,9,MUSIC WHAT'S COMING IN 2015,S,"W,M",1,"['W,M']"
150104,0,BOSTON BOMBINB JURY SELECTION,S,"W,M",1,"['L,M']"
150104,1,MILITARY KIDS AND SCHOOL 4,D,"A,F",6,"['W,M', 'W,F', 'W,M', 'W,F', 'W,F', 'W,F']"
150104,2,STUART SCOTT OBIT,S,"W,M",1,"['B,M']"
150104,3,ELECTRONICS GRAVEYARD,S,"W,F",1,"['B,F']"
150104,4,MUSIC BETTO ARCOS,S,"W,M",1,"['L,M']"
150104,5,STARTING OVER LIFE COACH,D,"W,M",2,"['W,F', 'W,F']"
150104,6,NIX THE THANK YOU NOTE,S,"B,F",1,"['W,M']"
150104,7,2015 TV LOOKAHEAD,D,"B,M",2,"['W,M', 'B,M']"
150104,8,BOOK SILVER SCREEN FIEND,S,"W,F",1,"['W,M']"
150111,0,GUANTANAMO CHECKIN,S,"W,F",1,"['W,F']"
150111,1,KSM & CIA,S,"W,M",1,"['W,M']"
150111,2,KEYSTONE & CUSHING OK,S,"W,F",2,"['W,M', 'W,M']"
150111,3,COVERING THE 2016 ELECTION,S,"W,M",1,"['W,M']"
150111,4,HAITI UPDATE,S,"B,F",1,"['W,F']"
150111,5,LITTLE BIG TOWN,D,"W,F",4,"['W,M', 'W,M', 'W,F', 'W,F']"
150111,6,CYBERSECURITY AND HACKING,S,"W,F",1,"['W,M']"
150111,7,FRANCE UNITY RALLY,D,"W,F",5,"['W,M', 'W,F', 'W,M', 'B,M', 'W,M']"
150111,8,BOOK THE FIRST BAD MAN,S,"W,F",1,"['W,F']"
150111,9,YOSEMITE CLIMBERS,S,"W,F",1,"['W,M']"
150110,0,PARIS UPDATE,S,"W,F",2,"['W,F', 'M,M']"
150110,1,AQ IN YEMEN,S,"W,F",1,"['M,M']"
150110,2,DEPICTING MUHAMMAD,S,"W,M",1,"['M,M']"
150110,3,TRANSGENDER MEDICAL COVERAGE,D,"W,M",3,"['A,F', 'W,M', 'W,F']"
150110,4,COURTROOM SKETCH ARTIST,S,"W,M",1,"['W,F']"
150110,5,3D DNA MAP,S,"A,F",1,"['A,M']"
150110,6,WE WANT BETTER BATTERIES,S,"W,M",1,"['W,M']"
150110,7,RETURN OF FOIE GRAS,S,"W,F",5,"['W,M', 'W,M', 'W,M', 'W,F', 'W,F']"
150110,8,MILLION DOLLAR BASEBALL CARDS,S,"W,M",3,"['W,F', 'W,F', 'W,F']"
150110,9,BOOK BLOOD OF THE TIGER,S,"W,F",1,"['W,F']"
150110,10,MUSIC MARK RONSON,S,"B,F",1,"['W,M']"
150117,0,SCOTUS TAKES GAY MARRIAGE,D,"L,M",3,"['W,M', 'W,M', 'W,M']"
150117,1,DOJ HALTS SEIZED ASSETS,S,"W,M",1,"['W,M']"
150117,2,FILM LONDON MICROWAVE,S,"B,F",1,"['A,F']"
150117,3,US SYRIA,D,"W,F",4,"['M,M', 'M,M', 'W,M', 'W,M']"
150117,4,BDO WORLD DARTS CHAMPIONSHIP,S,"W,M",1,"['W,M']"
150117,5,MOVIE BLACKHAT,S,"B,F",1,"['W,M']"
150117,6,DOG TECHNOLOGY,S,"W,M",1,"['W,F']"
150117,7,CALEXICO PD INVESTIGATION,S,"W,F",1,"['W,F']"
150117,8,BOOK TURNING 15 ON THE ROAD TO FREEDOM,S,"W,F",1,"['B,F']"
150117,9,MBB TWO WAY / ENCORE,S,"W,M",4,"['W,M', 'L,M', 'A,M', 'W,M']"
150118,0,GUINEA EBOLA LATEST,S,"W,F",1,"['B,F']"
150118,1,SOTU SET UP CHAT,S,"W,M",1,"['W,M']"
150118,2,KAISER MENTAL HEALTH STRIKE,S,"W,F",3,"['W,F', 'W,M', 'W,F']"
150118,3,FLASH BANG INVESTIGATION,S,"W,M",1,"['W,F']"
150118,4,NATIVE AM TREATIES EXHIBIT,D,"A,M",3,"['O,M', 'W,M', 'O,F']"
150118,5,BRITISH LIBRARY SOUND ARCHIVE,S,"W,M",1,"['W,M']"
150118,6,LIFE IN WHITTIER ALASKA,S,"W,M",3,"['W,F', 'W,F', 'W,M']"
150118,7,UVA FRATERNITIES,D,"W,F",5,"['B,M', 'W,M', 'W,M', 'B,M', 'W,M']"
150118,8,BOOK THE GIRL FROM HUMAN STREET,S,"W,F",1,"['W,M']"
150118,9,MBB FITZ AND THE TANTRUMS,S,"B,F",2,"['W,M', 'B,F']"
150125,0,OBAMA INDIA DAY ONE WRAP,S,"W,M",2,"['W,F', 'B,M']"
150125,1,UKRAINE WAR,S,"W,M",1,"['W,M']"
150125,2,ACADEMY MEMBERSHIP & DIVERSITY,S,"W,M",1,"['B,M']"
150125,3,VETO OVERRIDES,S,"W,M",2,"['W,F', 'B,M']"
150125,4,DEFLATED FOOTBALLS,S,"W,M",3,"['W,M', 'B,M', 'W,M']"
150125,5,MUSIC DOOMTREE,S,"W,M",2,"['W,F', 'B,M']"
150125,6,MBB TOM TORO,S,"W,M",1,"['W,M']"
150125,7,FL FLOOD DEVELOPMENT,S,"W,F",1,"['W,F']"
150125,8,BOOK FATHERLAND,S,"W,F",1,"['W,F']"
150125,9,BLACK DOLL SHOW,S,"B,F",4,"['B,F', 'B,F', 'O,F', 'B,F']"
150124,0,FREEDOM SUMMIT,S,"W,M",3,"['W,M', 'W,M', 'W,M']"
150124,1,CARRIE KAHN IN CUBA,S,"W,M",1,"['W,F']"
150124,2,MEASLES UPDATE,S,"W,F",1,"['W,M']"
150124,3,BOOK GOD GUNS GRITS AND GRAVY,S,"W,M",1,"['W,M']"
150124,4,GARSD WWE,D,"L,F",4,"['W,M', 'W,M', 'W,M', 'W,M']"
150124,5,INSIDE ALZHEIMERS PT 1,S,"W,F",1,"['W,M']"
150124,6,AUTISM AND MUSEUMS,D,"W,F",6,"['W,M', 'W,M', 'W,F', 'W,M', 'A,M', 'A,M']"
150124,7,PC WORKPLACE CREATIVITY,S,"W,F",1,"['B,F']"
150124,8,BOOK DRIVING THE KING,S,"W,F",1,"['B,M']"
150124,9,COMEDY TREVOR NOAH,S,"B,F",1,"['B,M']"
140322,0,VALDEZ OIL SPILL 25 YEARS LATER,S,"W,M",5,"['W,M', 'W,M', 'W,M', 'W,M', 'W,M']"
140322,1,EXXON VALDEZ ECO,D,"W,F",4,"['W,M', 'W,M', 'W,M', 'W,F']"
140322,2,CHEVRON IN THE AMAZON,S,"A,F",1,"['W,M']"
140322,3,CRIMEA LATEST,S,"W,M",1,"['W,M']"
140322,4,SPAIN CRIMEA PARALLEL,D,"W,F",2,"['W,M', 'W,M']"
140322,5,VENTURE CAPITAL PREJUDICE,S,"W,F",1,"['W,F']"
140322,6,NYMPHOMANIAC VOL 1,D,"W,M",0,[]
140322,7,FATAL ACCIDENT ON SET,S,"W,M",1,"['W,M']"
140322,8,WAITING FOR 2042,S,"W,F",1,"['A,M']"
140322,9,THE NEW AND THE NEXT,S,"W,M",1,"['B,M']"
140322,10,MUSIC SKRILLEX,S,"W,F",1,"['W,M']"
140323,0,WASHINGTON MUDSLIDE,S,"W,M",1,"['W,M']"
140323,1,BORDER WOMEN CROSSING,S,"W,M",2,"['W,M', 'W,M']"
140323,2,BORDER PIECE,D,"W,F",4,"['L,F', 'L,F', 'W,M', 'L,M']"
140323,3,BOOK THE SOBER TRUTH,S,"W,M",1,"['W,M']"
140323,4,CA PRISON PROBLEM,S,"W,F",5,"['W,F', 'W,F', 'L,F', 'L,F', 'O,M']"
140323,5,DODGERS TV DEAL,S,"W,F",4,"['L,M', 'W,M', 'W,M', 'W,M']"
140323,6,MBB MIKE BIRBIGLIA,S,"W,M",1,"['W,M']"
140323,7,MUSIC JOHN ADAMS,S,"W,M",1,"['W,M']"
150131,0,IRAQ ISIS,S,"W,M",1,"['W,F']"
150131,1,FIRST MUSLIM ON INTEL COMMITTEE,D,"L,F",3,"['B,M', 'W,M', 'W,M']"
150131,2,DEA SPYING ON DRIVERS,S,"W,M",1,"['W,M']"
150131,3,UNHERALDED PLAYERS,D,"W,M",3,"['W,M', 'W,M', 'W,M']"
150131,4,BOOK WE MAMMALS IN HOSPITABLE TIMES,S,"W,F",1,"['W,F']"
150131,5,INSIDE ALZHEIMERS PT 2,S,"W,F",1,"['W,M']"
150131,6,SWEDEN SURSTROMMING REVISITED,D,"W,M",2,"['W,M', 'W,F']"
150131,7,DEON TAYLOR PROFILE,S,"B,F",3,"['B,M', 'W,M', 'B,F']"
150131,8,MUSIC DECEPTIVE CADENCE,S,"W,M",1,"['W,M']"
150201,0,UKRAINE UPDATE,S,"W,F",1,"['W,M']"
150201,1,MARISSA ALEXANDER RELEASE,S,"B,F",1,"['W,M']"
150201,2,OBESITY NEWS T&C,S,"W,F",1,"['W,M']"
150201,3,CITIZEN JOURNALISM IN MEXICO,S,"W,M",1,"['W,M']"
150201,4,CO UNDOCUMENTED DRIVERS,D,"W,F",3,"['L,F', 'W,M', 'L,M']"
150201,5,OCEAN EXTINCTION,S,"W,F",1,"['W,M']"
150201,6,COW RESCUE T&C,S,"W,M",1,"['W,M']"
150201,7,RAPPING THE NEWS,D,"W,M",2,"['B,M', 'B,M']"
150201,8,UNIVERSITY ENDOWMENTS,S,"W,F",1,"['W,F']"
150201,9,BOOK THE AGE OF DIGNITY,S,"W,M",1,"['A,F']"
150201,10,TV EMPIRE SUCCESS,S,"W,F",1,"['B,M']"
150201,11,MBB DAVID DUCHOVNY,S,"W,F",1,"['W,M']"
150207,0,MUNICH CONFERENCE UKRAINE,D,"W,F",4,"['W,F', 'W,M', 'W,M', 'W,M']"
150207,1,JORDAN DEVELOPMENTS,S,"W,M",1,"['W,M']"
150207,2,OSCAR ROMERO,D,"L,F",4,"['L,M', 'L,M', 'L,M', 'L.F']"
150207,3,MAFIABOY & THE BIG HACK,S,"W,F",1,"['W,M']"
150207,4,AFGHAN WAR RUGS,S,"B,F",1,"['W,M']"
150207,5,LANCE MACKEY PROFILE,S,"W,M",1,"['W,M']"
150207,6,PRIVACY AND DNA,S,"B,F",1,"['W,F']"
150207,7,BOOK SAPIENS,S,"W,M",1,"['W,M']"
150207,8,RICHARD SHELTON WORKSHOPS,S,"B,M",1,"['W,M']"
150207,9,MBB LELAND D MELVIN,S,"W,M",1,"['B,M']"
150208,0,ELIMINATING SOLITARY CONFINEMENT,S,"W,M",4,"['B,M', 'B,M', 'W,F', 'W,F']"
150208,1,DEAN SMITH OBIT,S,"W,M",1,"['W,M']"
150208,2,ANTHEM TURBOTAX UPDATE,S,"W,F",1,"['W,M']"
150208,3,BOOK PWER FORWARD,S,"W,F",1,"['B,M']"
150208,4,TV MOVIE FRESH OFF THE BOAT THE INTERVIEW,S,"W,F",1,"['A,M']"
150208,5,TAX MONEY FROM POT,D,"W,M",3,"['W,M', 'W,F', 'W,M']"
150208,6,MOVIE BIRTH OF A NATION AT 100,S,"W,M",2,"['W,M', 'B,M']"
150208,7,MUSIC RUDRESH MAHANTHAPPA,S,"W,M",1,"['A,M']"
150214,0,DENMARK SHOOTING,S,"B,F",1,"['W,M']"
150214,1,UKRAINE LATEST,S,"W,M",1,"['W,M']"
150214,2,AUMF POLITICS,S,"W,M",1,"['W,F']"
150214,3,CUBA NETFLIX,D,"W,F",2,"['W,F', 'L,M']"
150214,4,MOVIE HITS,S,"W,M",1,"['W,M']"
150214,5,BOOK LITTLE KNOWN BLACK HISTORIES,S,"W,F",1,"['B,M']"
150214,6,VALENTINES OFFICE ROMANCE,D,"A,F",4,"['W,F', 'W,M', 'B,M', 'W,F']"
150214,7,EGYPT JAZEERA DEFENDANT,D,"M,F",1,"['M,M']"
150214,8,BEARDS OF GRAND BUDAPEST,S,"W,M",2,"['W,F', 'W,M']"
150214,9,MUSIC ESTELLE,S,"B,F",1,"['B,F']"
150215,0,UKRAINE CEASEFIRE,S,"A,F",1,"['W,F']"
150215,1,ISIS FUNDING,D,"W,F",2,"['W,F', 'W,M']"
150215,2,SYRIA OFF BROADWAY,D,"W,F",2,"['M,M', 'O,F']"
150215,3,BRAZIL CARNIVAL EQUATORIAL GUINEA,S,"L,F",1,"['L,M']"
150215,4,MBB ADRIAN GARCIA MARQUEZ,S,"W,F",1,"['L,M']"
150215,5,MUSIC EDDIE HENDERSON,S,"W,M",1,"['B,M']"
150215,6,COLDEST CITY ON EARTH LIFE IN YAKUTSK,S,"W,M",2,"['W,M', 'A,M']"
150215,7,PROPOSED DRONE REGS,D,"B,M",3,"['B,M', 'W,M', 'W,M']"
150215,8,AMERICA LOVES SMOOTHIES,S,"W,F",1,"['W,F']"
150215,9,AMERICAN STANDUP IN ASIA,S,"W,M",1,"['W,M']"
150215,10,BOOK TRIGGER WARNING,S,"B,M",1,"['W,M']"
150221,0,DACA NEXT STEPS,D,"L,M",3,"['L,M', 'L,M', 'L,F']"
150221,1,PASCO POLICE SHOOTING,S,"W,M",1,"['L,M']"
150221,2,DRONE COMMERCE RULES,D,"W,M",2,"['W,M', 'W,M']"
150221,3,PORT OF LA POSTCARD,S,"W,M",3,"['A,M', 'W,M', 'A,M']"
150221,4,MOVIE WILD TALES,S,"B,F",1,"['L,M']"
150221,5,BECKY SULLIVAN PROFILE,S,"W,F",3,"['W,F', 'W,F', 'W,M']"
150221,6,PROFESSIONAL DUMPSTER DIVING,S,"W,M",1,"['W,M']"
150221,7,25 YEARS OF PHOTOSHOP,S,"B,F",1,"['W,M']"
150221,8,BOOK INTERSTELLAR AGE,S,"B,F",1,"['W,M']"
150221,9,MUSIC LEAD BELLY RETROSPECTIVE,S,"W,F",2,"['B,M', 'W,M']"
150222,0,AFGHANISTAN LATEST,D,"W,M",4,"['M,M', 'W,M', 'M,M', 'M,M']"
150222,1,SYRIAN RESTAURANT IN IRAQ,D,"W,M",3,"['M,M', 'M,F', 'M,M']"
150222,2,RIVERSIDE DROUGHT POSTCARD,S,"W,M",2,"['L,M', 'W,M']"
150222,3,PRISON NURSERIES,S,"W,F",1,"['W,F']"
150222,4,POWER OF SCENT,D,"W,F",5,"['W,M', 'O,M', 'W,F', 'W,F', 'W,M']"
150222,5,CLARK TERRY OBIT,D,"L,M",2,"['B,M', 'B,M']"
150222,6,HOUSE CHURCHES,D,"W,F",4,"['W,M', 'O,F', 'W,M', 'W,M']"
150222,7,DRUG EDUCATION WHERE POT IS LEGAL,D,"W,F",5,"['O,F', 'O,M', 'O,F', 'W,M', 'O,F']"
150222,8,MARVEL COMICS A FORCE,S,"B,M",1,"['W,F']"
150222,9,BOOK MUSIC KIM GORDON,S,"W,M",1,"['W,F']"
140315,0,UKRAINE KIEV TWO WAY,S,"W,F",1,"['W,F']"
140315,1,GRIEVING FOR THE MISSING,S,"W,M",2,"['A,M', 'W,F']"
140315,2,UNEMPLOYMENT CHECK IN,S,"W,M",2,"['W,F', 'W,F']"
140315,3,SYRIA AID,S,"W,F",1,"['W,M']"
140315,4,THE CIA AND CONGRESS,S,"W,M",2,"['W,F', 'W,M']"
140315,5,SPORTS CHAT,S,"W,M",1,"['L,M']"
140315,6,GREECE NO INCOME,D,"W,F",4,"['W,M', 'W,F', 'W,F', 'W,M']"
140315,7,THE NEW AND THE NEXT,S,"B,F",1,"['B,M']"
140315,8,MUSIC BETTO ARCOS,S,"W,M",1,"['L,M']"
140316,0,UKRAINE CRIMEA VOTING,S,"W,F",1,"['W,M']"
140316,1,VENEZUELA CIVIL UNREST,S,"W,M",1,"['L,F']"
140316,2,PHOTO ID ERROR,S,"W,F",1,"['W,F']"
140316,3,KANSAS LEGISLATURE,D,"W,M",6,"['W,F', 'W,M', 'W,M', 'W,M', 'W,M', 'W,M']"
140316,4,SIKHS & US ARMY,S,"W,F",1,"['A,M']"
140316,5,ONLINE DATING FOR MISSIONARIES,S,"B,F",1,"['W,M']"
140316,6,KIDS TABLE KIDS AND IPADS,S,"W,F",1,"['W,M']"
140316,7,O'NAN MUST READ,D,"W,F",1,"['W,M']"
140316,8,MOVIE LE WEEKEND,S,"B,F",1,"['M,M']"
140316,9,MBB JUNE AMBROSE,S,"B,F",1,"['B,F']"
140316,10,MUSIC AMBROSE AKINMUSIRE,S,"W,F",1,"['B,M']"
140308,0,MALAYSIA PLANE,S,"W,M",1,"['W,M']"
140308,1,CRIMEAN FORCES,D,"W,F",3,"['W,M', 'W,M', 'W,M']"
140308,2,RUSSIA AND SANCTIONS,S,"W,M",1,"['W,M']"
140308,3,MICHOACAN VIGILANTES,S,"W,F",1,"['W,F']"
140308,4,THE NEW AND THE NEXT,S,"B,F",1,"['B,M']"
140308,5,MUSLIM FRATERNITY,S,"W,F",1,"['M,M']"
140308,6,RUNNING WITH MULTIPLE SCLEROSIS,S,"W,M",2,"['W,F', 'W,M']"
140308,7,MOVIE KIDS FOR CASH,S,"W,M",2,"['W,M', 'W,M']"
140308,8,MBB ED HARRIS,S,"B,F",1,"['W,M']"
140308,9,MUSIC ALOE BLACC,S,"B,F",1,"['B,M']"
140309,0,MALAYSIA PLANE,S,"W,M",1,"['W,M']"
140309,1,UKRAINE LATEST,S,"B,F",1,"['W,F']"
140309,2,UKRAINE AND NUCLEAR AGREEMENT,S,"W,M",1,"['W,M']"
140309,3,CHINA TORTURE,S,"W,F",1,"['A,F']"
140309,4,PSYCHEDELIC RESEARCH,S,"W,M",6,"['W,M', 'W,M', 'W,M', 'W,F', 'W,M', 'W,M']"
140309,5,QUEBEC LANGUAGE LAWS,S,"W,M",1,"['W,F']"
140309,6,BOOK BOY SNOW BIRD,S,"W,F",1,"['B,F']"
140309,7,MUSIC DIANE REEVES,S,"W,F",1,"['B,F']"
